[2026-05-19 03:21:05] 224d9f4e-c77d-4f86-8916-2f6405bd8902  Spicy Peanut Noodles  focal=(49%,57%)  -> https://oruplzhfmtehsjbnsoms.supabase.co/storage/v1/object/public/recipe-images/
[2026-05-19 03:21:45] 5918f757-fca2-4092-b433-30c19121d7a1  Healthier Caramel Stuffed Chocolates  focal=(44%,61%)  -> https://oruplzhfmtehsjbnsoms.supabase.co/storage/v1/object/public/recipe-images/
[2026-05-19 03:22:30] 3180d064-3efa-401b-823b-825e674ffdae  Sweet Potato Pasta  focal=(59%,51%)  -> https://oruplzhfmtehsjbnsoms.supabase.co/storage/v1/object/public/recipe-images/
[2026-05-19 03:24:26] 224d9f4e-c77d-4f86-8916-2f6405bd8902  Spicy Peanut Noodles  focal=(49%,57%)  -> https://oruplzhfmtehsjbnsoms.supabase.co/storage/v1/object/public/recipe-images/
[2026-05-19 03:25:14] 5918f757-fca2-4092-b433-30c19121d7a1  Healthier Caramel Stuffed Chocolates  focal=(44%,61%)  -> https://oruplzhfmtehsjbnsoms.supabase.co/storage/v1/object/public/recipe-images/
[2026-05-19 03:28:08] e65d367f-cd34-4dd2-b98f-065a8f3e771a  Viral Olive Oil Caramel  focal=(51%,40%)  -> https://oruplzhfmtehsjbnsoms.supabase.co/storage/v1/object/public/recipe-images/
[2026-05-19 03:29:06] 65346a1e-b93d-4768-a634-e88169261c3e  Chilli Crisp TLT  focal=(56%,41%)  -> https://oruplzhfmtehsjbnsoms.supabase.co/storage/v1/object/public/recipe-images/
[2026-05-19 03:30:23] e0ea9be4-fc50-430f-b88f-f6ba3f7f79cd  High-Protein Mega Chilli  focal=(45%,54%)  -> https://oruplzhfmtehsjbnsoms.supabase.co/storage/v1/object/public/recipe-images/
[2026-05-19 03:31:00] f42614f1-16b5-48a1-83b4-87c9d7606fb5  BBQ Pulled Pork Sandwich  focal=(59%,47%)  -> https://oruplzhfmtehsjbnsoms.supabase.co/storage/v1/object/public/recipe-images/
[2026-05-19 03:31:36] 32241fa3-49ec-444b-b2db-e2d057cbb15a  Crispy Reis Salat  focal=(53%,54%)  -> https://oruplzhfmtehsjbnsoms.supabase.co/storage/v1/object/public/recipe-images/
[2026-05-19 03:32:07] 78d4a171-6f7d-4ca3-ae0d-9414b3c0c576  Greek Lentil Meatballs  focal=(44%,27%)  -> https://oruplzhfmtehsjbnsoms.supabase.co/storage/v1/object/public/recipe-images/
[2026-05-19 03:32:39] ff8a4355-bd09-4601-801c-066c68381459  Greek Halloumi Burgers  focal=(39%,31%)  -> https://oruplzhfmtehsjbnsoms.supabase.co/storage/v1/object/public/recipe-images/
[2026-05-19 03:33:42] dc005894-ef80-47ac-9d02-2e981802d7f0  Pesto Hummus  focal=(50%,39%)  -> https://oruplzhfmtehsjbnsoms.supabase.co/storage/v1/object/public/recipe-images/
[2026-05-19 03:34:17] e0ae5e32-e943-4f78-928b-ffe7acdbe3dc  Instagram Recipe  focal=(45%,60%)  -> https://oruplzhfmtehsjbnsoms.supabase.co/storage/v1/object/public/recipe-images/
[2026-05-19 03:34:51] 8b09d43a-6bd4-435c-8a13-ad4295908371  Small Batch Gooey Vegan Lemon Blueberry Sweet Rolls  focal=(46%,34%)  -> https://oruplzhfmtehsjbnsoms.supabase.co/storage/v1/object/public/recipe-images/
[2026-05-19 03:35:35] 3180d064-3efa-401b-823b-825e674ffdae  Sweet Potato Pasta  focal=(59%,51%)  -> https://oruplzhfmtehsjbnsoms.supabase.co/storage/v1/object/public/recipe-images/
[2026-05-19 03:35:56] 66a493ed-9cbe-4174-a43b-5aaa8b69694c  Tomato Soup  focal=(41%,61%)  -> https://oruplzhfmtehsjbnsoms.supabase.co/storage/v1/object/public/recipe-images/
[2026-05-19 03:36:32] 5ca9feac-bc32-4dc3-b3c8-594b8eb388f1  Chickpea and Hot Honey Halloumi Chopped Salad  focal=(44%,41%)  -> https://oruplzhfmtehsjbnsoms.supabase.co/storage/v1/object/public/recipe-images/
[2026-05-19 03:37:15] 6804ee30-b2e3-48da-b7f3-3a41ed432812  Whipped Ricotta Garlic Ciabatta  focal=(48%,50%)  -> https://oruplzhfmtehsjbnsoms.supabase.co/storage/v1/object/public/recipe-images/
[2026-05-19 03:37:38] 28066172-72a6-431c-82fb-27956e1a0272  15Min Feierabend Dönerteller Salat  focal=(47%,36%)  -> https://oruplzhfmtehsjbnsoms.supabase.co/storage/v1/object/public/recipe-images/
[2026-05-19 03:38:17] db309e74-3568-4cfc-a585-8814f819d8f0  Street Corn Pasta Salad & Corn Cob Broth  focal=(54%,51%)  -> https://oruplzhfmtehsjbnsoms.supabase.co/storage/v1/object/public/recipe-images/
[2026-05-19 03:38:57] 79acdc1f-fcbe-4999-8eda-cfc64fac96b3  Crunchy Tofu Schnitzel and Sun-Dried Tomato Sandwich  focal=(42%,35%)  -> https://oruplzhfmtehsjbnsoms.supabase.co/storage/v1/object/public/recipe-images/
[2026-05-19 03:39:32] f3c5ab46-aa12-4971-a69d-94e9d2cf5d96  Lemon Pepper Tofu Sando  focal=(55%,24%)  -> https://oruplzhfmtehsjbnsoms.supabase.co/storage/v1/object/public/recipe-images/
[2026-05-19 03:40:48] 311c4242-3f51-4946-8cc7-2ac449128fd9  Harissa Feta Cucumber Salad  focal=(55%,61%)  -> https://oruplzhfmtehsjbnsoms.supabase.co/storage/v1/object/public/recipe-images/
[2026-05-19 03:41:30] 4f1aa1a9-35ff-4f67-b00d-b3d66196334b  Veganer Mozzarella  focal=(54%,78%)  -> https://oruplzhfmtehsjbnsoms.supabase.co/storage/v1/object/public/recipe-images/
[2026-05-19 03:42:03] bf080896-6089-43c1-85be-70ddde796aaa  Chocolate Caramel Sheet Cake  focal=(33%,62%)  -> https://oruplzhfmtehsjbnsoms.supabase.co/storage/v1/object/public/recipe-images/
[2026-05-19 03:42:26] e94aca88-b13e-491a-9f23-eeb4e7ad7ad1  Vegan Blueberry Muffins  focal=(57%,45%)  -> https://oruplzhfmtehsjbnsoms.supabase.co/storage/v1/object/public/recipe-images/
[2026-05-19 03:42:48] aad55528-0551-492e-ac53-158e992eeaa3  Moroccan-Spiced Nourish Bowl  focal=(43%,49%)  -> https://oruplzhfmtehsjbnsoms.supabase.co/storage/v1/object/public/recipe-images/
[2026-05-19 03:43:23] 7fbfbd71-1822-45e3-93a1-ab3769a0fdc9  Tofu Schnitzel  focal=(50%,39%)  -> https://oruplzhfmtehsjbnsoms.supabase.co/storage/v1/object/public/recipe-images/
[2026-05-19 03:44:17] 3cef76a4-e448-445f-8b52-8eb89c5c6f4f  Butternut Squash Sage Risotto  focal=(55%,46%)  -> https://oruplzhfmtehsjbnsoms.supabase.co/storage/v1/object/public/recipe-images/
[2026-05-19 03:44:40] 54a59c28-ca12-4b68-850e-a70ab96e8fcc  Instagram Recipe  focal=(40%,50%)  -> https://oruplzhfmtehsjbnsoms.supabase.co/storage/v1/object/public/recipe-images/
[2026-05-19 03:45:27] f00eb0ad-8ead-4fd7-b436-b3558ee5a388  Peanut Butter Ramen  focal=(62%,42%)  -> https://oruplzhfmtehsjbnsoms.supabase.co/storage/v1/object/public/recipe-images/
[2026-05-19 03:46:19] 0d556114-76da-47a7-ba4f-dd1307cbf73c  Instagram Recipe  focal=(33%,46%)  -> https://oruplzhfmtehsjbnsoms.supabase.co/storage/v1/object/public/recipe-images/
[2026-05-19 03:46:47] 476acab6-77c1-49dc-8186-53660ba97e1d  Healthy Salad Bowl  focal=(51%,40%)  -> https://oruplzhfmtehsjbnsoms.supabase.co/storage/v1/object/public/recipe-images/
[2026-05-19 03:47:30] 520b7c44-68bc-408b-a614-e4e28c30e6f3  Confit Garlic and Caramelised Onion Foccacia Slices with Art  focal=(50%,65%)  -> https://oruplzhfmtehsjbnsoms.supabase.co/storage/v1/object/public/recipe-images/
[2026-05-19 03:47:59] 2270cecd-78da-4338-959d-5f26b9ef6f18  Vegan Freezer Breakfast Burritos  focal=(56%,54%)  -> https://oruplzhfmtehsjbnsoms.supabase.co/storage/v1/object/public/recipe-images/
[2026-05-19 03:48:31] 539045be-e500-499e-9a9e-afe019d7cba7  Homemade Twix Bars  focal=(43%,28%)  -> https://oruplzhfmtehsjbnsoms.supabase.co/storage/v1/object/public/recipe-images/
[2026-05-19 03:48:54] 89cb29d1-6dca-4fd4-989c-c49c09c6a533  One Bowl Fresh Vegan Blackberry Lavender Sheet Cake  focal=(37%,66%)  -> https://oruplzhfmtehsjbnsoms.supabase.co/storage/v1/object/public/recipe-images/
[2026-05-19 03:49:19] b73992ec-8ef3-47ed-ad18-0438eb084047  Vegan Lotus Biscoff Skyr Dessert  focal=(46%,42%)  -> https://oruplzhfmtehsjbnsoms.supabase.co/storage/v1/object/public/recipe-images/
[2026-05-19 03:49:54] ef6df650-5774-4fa9-91c0-c752ee89d172  Vegan Fiery Gochujang Noodles  focal=(42%,24%)  -> https://oruplzhfmtehsjbnsoms.supabase.co/storage/v1/object/public/recipe-images/
[2026-05-19 03:50:15] 01632de9-0678-457f-8c5b-801a1a26e3c5  Chocolate Covered Strawberry Brownies  focal=(56%,57%)  -> https://oruplzhfmtehsjbnsoms.supabase.co/storage/v1/object/public/recipe-images/
[2026-05-19 03:50:58] 068613ba-5b1c-41e4-b215-cb82578543f5  Mushroom Tacos  focal=(38%,30%)  -> https://oruplzhfmtehsjbnsoms.supabase.co/storage/v1/object/public/recipe-images/
[2026-05-19 03:51:44] 9c33d1ee-71ef-4f14-b3f9-aa89b139c0ff  Harissa Honey Halloumi Kale Salad  focal=(47%,50%)  -> https://oruplzhfmtehsjbnsoms.supabase.co/storage/v1/object/public/recipe-images/
[2026-05-19 03:52:12] 4e218689-44c1-40db-906a-5bfb924c11da  No Bake Vegan Strawberry Crunch Cheesecake  focal=(40%,76%)  -> https://oruplzhfmtehsjbnsoms.supabase.co/storage/v1/object/public/recipe-images/
[2026-05-19 03:53:13] 72fb4b97-8a40-4f57-a758-0cb957f51c1d  Marinated Tofu  focal=(45%,38%)  -> https://oruplzhfmtehsjbnsoms.supabase.co/storage/v1/object/public/recipe-images/
[2026-05-19 03:53:34] 58b0839b-ca3e-48a6-99a3-c3b4bd57d40d  Rice Krispie Treats  focal=(45%,47%)  -> https://oruplzhfmtehsjbnsoms.supabase.co/storage/v1/object/public/recipe-images/
[2026-05-19 03:54:15] 69f7947e-c602-42d8-9709-a1f0a8f62310  Homemade Sprite (Lemon Lime Soda)  focal=(62%,40%)  -> https://oruplzhfmtehsjbnsoms.supabase.co/storage/v1/object/public/recipe-images/
[2026-05-19 03:55:06] ecb85431-493b-45b3-b0b6-80fb384822b3  Creamyyyy Lemon Garlic Soup  focal=(55%,46%)  -> https://oruplzhfmtehsjbnsoms.supabase.co/storage/v1/object/public/recipe-images/
[2026-05-19 03:55:44] 228a84fc-3ff4-4b55-b9a6-f6f6e2d7050e  Strawberry Overnight Oats  focal=(51%,52%)  -> https://oruplzhfmtehsjbnsoms.supabase.co/storage/v1/object/public/recipe-images/
[2026-05-19 03:56:33] 45b0d7b1-634b-42f8-b974-94ec9363bac0  Mediterranean Meal Prep Salad  focal=(53%,52%)  -> https://oruplzhfmtehsjbnsoms.supabase.co/storage/v1/object/public/recipe-images/
[2026-05-19 03:57:26] 4c7c68a8-ebf9-48fb-8432-02e13a5c3f13  Grandma's No Knead Peasant Bread  focal=(35%,54%)  -> https://oruplzhfmtehsjbnsoms.supabase.co/storage/v1/object/public/recipe-images/
[2026-05-19 03:58:15] eea573e2-3ba9-488a-a1f3-75247bc2afeb  Pasta, Pesto e Burrata  focal=(44%,60%)  -> https://oruplzhfmtehsjbnsoms.supabase.co/storage/v1/object/public/recipe-images/
[2026-05-19 03:59:43] 4f136fd9-0ca0-4742-9cf0-3f93e0b31152  Frühling im Glas  focal=(41%,32%)  -> https://oruplzhfmtehsjbnsoms.supabase.co/storage/v1/object/public/recipe-images/
[2026-05-19 04:00:46] 9f82392f-9544-46e5-9d91-81a813e6bab6  Sautéed Mushrooms  focal=(52%,39%)  -> https://oruplzhfmtehsjbnsoms.supabase.co/storage/v1/object/public/recipe-images/
[2026-05-19 04:01:08] 96d8e2aa-b3a0-42c3-890c-03e0b9139649  Vegan Mango Cheesecake  focal=(62%,57%)  -> https://oruplzhfmtehsjbnsoms.supabase.co/storage/v1/object/public/recipe-images/
[2026-05-19 04:01:46] 39292647-f1c8-4402-9888-2784d1f4ab1d  Vegan Queso  focal=(49%,25%)  -> https://oruplzhfmtehsjbnsoms.supabase.co/storage/v1/object/public/recipe-images/
[2026-05-19 04:02:07] 8be545db-703c-44c4-b34f-fc7b610ada42  Hot Honey Halloumi Bowl  focal=(53%,47%)  -> https://oruplzhfmtehsjbnsoms.supabase.co/storage/v1/object/public/recipe-images/
[2026-05-19 04:03:01] cdd4e858-123f-4067-833b-35bc7b3bcb3a  Vegan Stuffed Pepper Casserole  focal=(43%,46%)  -> https://oruplzhfmtehsjbnsoms.supabase.co/storage/v1/object/public/recipe-images/
[2026-05-19 04:03:31] 56f7024a-518d-4aef-9765-879b045fba5b  Marry me Cheesecake  focal=(42%,38%)  -> https://oruplzhfmtehsjbnsoms.supabase.co/storage/v1/object/public/recipe-images/
[2026-05-19 04:04:06] e7fe57d1-5e98-4589-b425-b14badce95f9  Mango Cheesecake  focal=(47%,54%)  -> https://oruplzhfmtehsjbnsoms.supabase.co/storage/v1/object/public/recipe-images/
[2026-05-19 04:04:24] 7596b8b4-610e-4e47-a63c-217549f8031f  Easy Vegan Blueberry Bread  focal=(51%,48%)  -> https://oruplzhfmtehsjbnsoms.supabase.co/storage/v1/object/public/recipe-images/
[2026-05-19 04:05:10] c93d5d97-0580-47e4-a93d-2a998b1ae78a  Creamy Marry Me Pasta with Crispy Tofu  focal=(47%,63%)  -> https://oruplzhfmtehsjbnsoms.supabase.co/storage/v1/object/public/recipe-images/
[2026-05-19 04:05:39] b8e24e27-1ee1-424c-8cb0-af0643ea44da  Carrot Sheet Cake  focal=(48%,48%)  -> https://oruplzhfmtehsjbnsoms.supabase.co/storage/v1/object/public/recipe-images/
[2026-05-19 04:06:22] be34efad-b3b9-42b4-9a57-05fb8430df46  Vegan Chick'n Cutlets  focal=(51%,22%)  -> https://oruplzhfmtehsjbnsoms.supabase.co/storage/v1/object/public/recipe-images/
[2026-05-19 04:06:49] 5cfc0670-d591-4c59-8c00-24fc1e4212d2  Easy Vegan Oreo Cheesecake  focal=(53%,49%)  -> https://oruplzhfmtehsjbnsoms.supabase.co/storage/v1/object/public/recipe-images/
[2026-05-19 04:07:25] 49508fe2-0640-4ad1-b27e-6e0014d3defb  Curry Roasted Veggie Bowl  focal=(60%,62%)  -> https://oruplzhfmtehsjbnsoms.supabase.co/storage/v1/object/public/recipe-images/
[2026-05-19 04:08:07] 8eb54328-7bf5-4e4d-9777-e532e847f286  Lemon Brownies  focal=(53%,34%)  -> https://oruplzhfmtehsjbnsoms.supabase.co/storage/v1/object/public/recipe-images/
[2026-05-19 04:09:35] 0f00a4b8-6ce0-4d57-8ffb-ce0322f6e742  Instagram Recipe  focal=(49%,54%)  -> https://oruplzhfmtehsjbnsoms.supabase.co/storage/v1/object/public/recipe-images/
[2026-05-19 04:10:10] f7ab6ebb-a744-48c7-b638-076684614d80  Lemon Rolls  focal=(47%,45%)  -> https://oruplzhfmtehsjbnsoms.supabase.co/storage/v1/object/public/recipe-images/
[2026-05-19 04:10:41] 167ddfe2-f5fd-4f14-906f-3fb7e63d6fda  Apfelpfannkuchen aus dem Ofen  focal=(56%,27%)  -> https://oruplzhfmtehsjbnsoms.supabase.co/storage/v1/object/public/recipe-images/
[2026-05-19 04:11:27] 0b693c0d-e1bd-464e-a507-5f2e0f068b62  Chocolate Black Bean Cookies  focal=(54%,45%)  -> https://oruplzhfmtehsjbnsoms.supabase.co/storage/v1/object/public/recipe-images/
[2026-05-19 04:11:52] 7934edda-a5af-4dda-ab6b-81b04247c58d  Chai Sirup  focal=(57%,37%)  -> https://oruplzhfmtehsjbnsoms.supabase.co/storage/v1/object/public/recipe-images/
[2026-05-19 04:12:25] 279a72a8-57ba-49e6-9178-11c472f8eead  Hearts of Palm Snack  focal=(50%,53%)  -> https://oruplzhfmtehsjbnsoms.supabase.co/storage/v1/object/public/recipe-images/
[2026-05-19 04:13:18] 7c4c6463-e1c6-478f-baa4-72e99c01ad11  Smashed Potato Salad  focal=(48%,52%)  -> https://oruplzhfmtehsjbnsoms.supabase.co/storage/v1/object/public/recipe-images/
[2026-05-19 04:14:10] e5773b1c-3074-4870-81bc-5fff0cf17232  Garlic Oil  focal=(52%,27%)  -> https://oruplzhfmtehsjbnsoms.supabase.co/storage/v1/object/public/recipe-images/
[2026-05-19 04:15:01] a92eb754-af20-4241-a9c3-2a278ec5f185  Granola Bars  focal=(51%,37%)  -> https://oruplzhfmtehsjbnsoms.supabase.co/storage/v1/object/public/recipe-images/
[2026-05-19 04:15:48] ba9f772e-448f-4311-a120-67e9e2bd2b9b  Classic Salted Soft Pretzels  focal=(52%,37%)  -> https://oruplzhfmtehsjbnsoms.supabase.co/storage/v1/object/public/recipe-images/
[2026-05-19 04:17:09] 34c98c11-8933-4a9b-8698-0e0aa4889061  Creamy Mushroom Alfredo Pasta  focal=(51%,76%)  -> https://oruplzhfmtehsjbnsoms.supabase.co/storage/v1/object/public/recipe-images/
[2026-05-19 04:17:40] 7dc0739d-85b6-42e2-89eb-2d8fd42d30dc  Garlic Bread Scrolls  focal=(50%,26%)  -> https://oruplzhfmtehsjbnsoms.supabase.co/storage/v1/object/public/recipe-images/
[2026-05-19 04:18:49] cd28325e-2188-4ef8-beec-ac687bafb017  Healthy Fall Chopped Salad  focal=(32%,49%)  -> https://oruplzhfmtehsjbnsoms.supabase.co/storage/v1/object/public/recipe-images/
[2026-05-19 04:19:32] cceb88d4-e9ff-4af7-94a3-532c7341bd78  One Pot Ramen  focal=(50%,23%)  -> https://oruplzhfmtehsjbnsoms.supabase.co/storage/v1/object/public/recipe-images/
[2026-05-19 04:19:55] d5747ea7-f413-408f-a00c-75726291e216  German Pfannkuchen  focal=(51%,45%)  -> https://oruplzhfmtehsjbnsoms.supabase.co/storage/v1/object/public/recipe-images/
[2026-05-19 04:20:31] 5c89dcd3-a470-4b3d-84b4-5432601c0ece  Tofu Gnocchi  focal=(50%,58%)  -> https://oruplzhfmtehsjbnsoms.supabase.co/storage/v1/object/public/recipe-images/
[2026-05-19 04:21:38] 480ba899-bf14-4102-ba73-d97c57a62fec  Creamy Chicken Pasta  focal=(48%,47%)  -> https://oruplzhfmtehsjbnsoms.supabase.co/storage/v1/object/public/recipe-images/
[2026-05-19 04:22:47] 5df5849f-bd4c-43e4-a0ed-a58c73c264fc  Zingy Corn Salsa Salad  focal=(51%,43%)  -> https://oruplzhfmtehsjbnsoms.supabase.co/storage/v1/object/public/recipe-images/
[2026-05-19 04:23:44] db0e8bff-b693-48da-8887-bfb4004e8cb3  Biscoff Stuffed Pancakes  focal=(52%,40%)  -> https://oruplzhfmtehsjbnsoms.supabase.co/storage/v1/object/public/recipe-images/
[2026-05-19 04:24:25] 946ef342-2541-45f0-adcd-1b795f34c30e  Lion's Mane Chicken Kebab  focal=(39%,42%)  -> https://oruplzhfmtehsjbnsoms.supabase.co/storage/v1/object/public/recipe-images/
[2026-05-19 04:24:44] e1480d12-3b0f-42ae-97a2-3a9340c018ad  No Bake Apricot Balls  focal=(43%,52%)  -> https://oruplzhfmtehsjbnsoms.supabase.co/storage/v1/object/public/recipe-images/
[2026-05-19 04:25:36] 19823e88-5fed-4933-b5a2-1df7a31aa32f  Small Batch Vegan Blueberry Cake  focal=(47%,57%)  -> https://oruplzhfmtehsjbnsoms.supabase.co/storage/v1/object/public/recipe-images/
[2026-05-19 04:26:46] 437a30e6-6c25-4a17-be92-497755d4e77a  MOIST Vegan Lemon Cake with Raspberry Buttercream  focal=(47%,59%)  -> https://oruplzhfmtehsjbnsoms.supabase.co/storage/v1/object/public/recipe-images/
[2026-05-19 04:27:06] a001ba96-8c30-4106-866f-9a9405a1e0ff  Vegan Grilled Pepper Pasta with Almond Based Cream Cheese  focal=(43%,32%)  -> https://oruplzhfmtehsjbnsoms.supabase.co/storage/v1/object/public/recipe-images/
[2026-05-19 04:27:30] a372b5c3-153b-4d92-9e92-2144a7c9d971  Banana Walnut Cake  focal=(52%,48%)  -> https://oruplzhfmtehsjbnsoms.supabase.co/storage/v1/object/public/recipe-images/
[2026-05-19 04:27:48] 1322cd90-0e2b-466a-815a-69bc5b71175d  Vegan Falafel Bowl  focal=(49%,23%)  -> https://oruplzhfmtehsjbnsoms.supabase.co/storage/v1/object/public/recipe-images/
[2026-05-19 04:28:26] 586ef183-1f24-4a7e-b378-bdc416bdda76  Bester Tofu Döner  focal=(55%,64%)  -> https://oruplzhfmtehsjbnsoms.supabase.co/storage/v1/object/public/recipe-images/
[2026-05-19 04:29:08] 957d21c0-8667-4b30-8c32-aa2b3057d3a5  One Bowl Peanut Butter Swirled Fresh Strawberry Sheet Cake  focal=(51%,47%)  -> https://oruplzhfmtehsjbnsoms.supabase.co/storage/v1/object/public/recipe-images/
[2026-05-19 04:29:43] 0b07b009-0afc-4e17-b60b-47317562f4c6  Chickpea Shakshuka with Tofu Feta  focal=(49%,32%)  -> https://oruplzhfmtehsjbnsoms.supabase.co/storage/v1/object/public/recipe-images/
[2026-05-19 04:31:14] d650b92e-8b87-42bd-8c49-1b8f9c8fa456  Classic Soft & Gooey Vegan Cinnamon Rolls  focal=(50%,33%)  -> https://oruplzhfmtehsjbnsoms.supabase.co/storage/v1/object/public/recipe-images/
[2026-05-19 04:31:40] 5a411bdf-9ac2-47a1-ad1d-e84b039ef92e  Summer Noodle Salad with Crispy Tofu  focal=(58%,73%)  -> https://oruplzhfmtehsjbnsoms.supabase.co/storage/v1/object/public/recipe-images/
[2026-05-19 04:32:48] 726af7ce-4eca-4f0f-8b89-fe9b7c4fc5b7  Silken Tofu Magic  focal=(46%,41%)  -> https://oruplzhfmtehsjbnsoms.supabase.co/storage/v1/object/public/recipe-images/
[2026-05-19 04:34:04] 90dd7fe6-ee7a-4ebd-897c-48de72408209  Zimtschnecken  focal=(59%,41%)  -> https://oruplzhfmtehsjbnsoms.supabase.co/storage/v1/object/public/recipe-images/
[2026-05-19 04:34:46] 000a8051-4417-4ac5-9657-f13933fd49c6  Instagram Recipe  focal=(45%,49%)  -> https://oruplzhfmtehsjbnsoms.supabase.co/storage/v1/object/public/recipe-images/
[2026-05-19 04:35:14] 5fab4f24-dde6-45b8-b14b-c98feb228604  Cauli Alfredo  focal=(62%,42%)  -> https://oruplzhfmtehsjbnsoms.supabase.co/storage/v1/object/public/recipe-images/
[2026-05-19 04:35:59] ca0a978f-6052-4b62-8843-2f8fcd7d0712  Sunrice Cauliflower Nachos  focal=(49%,60%)  -> https://oruplzhfmtehsjbnsoms.supabase.co/storage/v1/object/public/recipe-images/
[2026-05-19 04:37:07] db3c070d-18b9-4f50-b94f-eb883a27c0d3  Crispy Smashed Gnocchi Salad: Autumn Edition  focal=(46%,49%)  -> https://oruplzhfmtehsjbnsoms.supabase.co/storage/v1/object/public/recipe-images/
[2026-05-19 04:38:05] 99832f3e-86e0-49d8-819f-af18fead963a  Einfache & gesunde Mac and Cheese Nudeln  focal=(39%,42%)  -> https://oruplzhfmtehsjbnsoms.supabase.co/storage/v1/object/public/recipe-images/
[2026-05-19 04:38:53] 07fd0bb7-a08d-4246-9e51-da116547d890  Healthy Berry Crumble Bars  focal=(49%,46%)  -> https://oruplzhfmtehsjbnsoms.supabase.co/storage/v1/object/public/recipe-images/
[2026-05-19 04:39:51] fc7c2991-a1f6-420d-9f9c-70fd66342db0  Lentil and Carrot Curry  focal=(48%,46%)  -> https://oruplzhfmtehsjbnsoms.supabase.co/storage/v1/object/public/recipe-images/
[2026-05-19 04:40:43] d334af16-9d40-4e7e-8797-f3234df7780d  Peanut Butter Brownies  focal=(44%,22%)  -> https://oruplzhfmtehsjbnsoms.supabase.co/storage/v1/object/public/recipe-images/
[2026-05-19 04:41:33] 9d3adf4b-166b-41c1-bee8-0539d867d0da  Three Dips with Flatbread Chips  focal=(44%,54%)  -> https://oruplzhfmtehsjbnsoms.supabase.co/storage/v1/object/public/recipe-images/
[2026-05-19 04:42:58] 1412bff4-2217-4249-9175-7cd7247de57d  Better Than Mom's Snack Delivery Service  focal=(50%,53%)  -> https://oruplzhfmtehsjbnsoms.supabase.co/storage/v1/object/public/recipe-images/
[2026-05-19 04:43:48] 34198d4f-f0f8-429b-8277-3c79ca13f586  Small Batch Molten Vegan Oatmeal Fudge Bars  focal=(48%,63%)  -> https://oruplzhfmtehsjbnsoms.supabase.co/storage/v1/object/public/recipe-images/
[2026-05-19 04:44:26] 0bff8cfe-b1ea-4184-a103-7894b7a1acfd  Chickpea Potato Cauliflower Sheet Pan  focal=(48%,43%)  -> https://oruplzhfmtehsjbnsoms.supabase.co/storage/v1/object/public/recipe-images/
[2026-05-19 04:44:56] c1277484-cd66-4393-8fe3-d716c3628c49  French Onion Stuffed Focaccia  focal=(60%,39%)  -> https://oruplzhfmtehsjbnsoms.supabase.co/storage/v1/object/public/recipe-images/
[2026-05-19 04:45:39] 04545043-126a-427f-9f99-23186aed890f  Cucumber Chickpea Salad  focal=(58%,32%)  -> https://oruplzhfmtehsjbnsoms.supabase.co/storage/v1/object/public/recipe-images/
[2026-05-19 04:46:15] f0a1137b-5964-411c-876a-0a3a18cf00d0  Creamy Leek and Bacon Mac n Cheese  focal=(47%,59%)  -> https://oruplzhfmtehsjbnsoms.supabase.co/storage/v1/object/public/recipe-images/
[2026-05-19 04:46:55] 49540ca2-eca0-40f0-97d4-bd99c9471673  Hot Honey Halloumi Flatbreads  focal=(43%,37%)  -> https://oruplzhfmtehsjbnsoms.supabase.co/storage/v1/object/public/recipe-images/
[2026-05-19 04:47:24] 28ffdb60-6eef-483c-be8a-7e534f1ffc7b  Creamy Tomato Orzo  focal=(51%,48%)  -> https://oruplzhfmtehsjbnsoms.supabase.co/storage/v1/object/public/recipe-images/
[2026-05-19 04:47:52] 04ad6a4c-9170-41f5-b7e7-130fc725bc9e  Spiced Apple & Granola Protein Oats  focal=(54%,36%)  -> https://oruplzhfmtehsjbnsoms.supabase.co/storage/v1/object/public/recipe-images/
[2026-05-19 04:48:19] 4e0d70f5-0935-484b-b396-ae910f6c6801  White Lemon Beans  focal=(35%,44%)  -> https://oruplzhfmtehsjbnsoms.supabase.co/storage/v1/object/public/recipe-images/
[2026-05-19 04:48:53] bcf44bb7-f423-49be-9f02-7248864f5238  Strawberry Cream Cruffins  focal=(51%,30%)  -> https://oruplzhfmtehsjbnsoms.supabase.co/storage/v1/object/public/recipe-images/
[2026-05-19 04:49:33] f85a0d07-1747-4087-88c0-15411809a5ef  Veganer Mozzarella  focal=(50%,71%)  -> https://oruplzhfmtehsjbnsoms.supabase.co/storage/v1/object/public/recipe-images/
[2026-05-19 04:49:51] dfed3949-e68f-446b-8dba-bd5a221d050a  Charred Corn Salad  focal=(55%,24%)  -> https://oruplzhfmtehsjbnsoms.supabase.co/storage/v1/object/public/recipe-images/
[2026-05-19 04:50:23] 7434102f-a90a-4aca-8370-fd169f4457a8  Cajun Mac N' Cheese  focal=(41%,47%)  -> https://oruplzhfmtehsjbnsoms.supabase.co/storage/v1/object/public/recipe-images/
[2026-05-19 04:50:59] 20e1d0ff-6813-4fb4-96fa-0c8c9e62ab3c  Mushroom Shawarma Wrap  focal=(44%,50%)  -> https://oruplzhfmtehsjbnsoms.supabase.co/storage/v1/object/public/recipe-images/
[2026-05-19 04:51:36] bfa7d4de-ca88-463f-8845-877cc04f5636  Sticky Marmalade Tofu  focal=(67%,43%)  -> https://oruplzhfmtehsjbnsoms.supabase.co/storage/v1/object/public/recipe-images/
[2026-05-19 04:52:21] e97aba66-fe3c-43ce-be45-1b66ef92885b  Gerösteter Kartoffelsalat  focal=(57%,53%)  -> https://oruplzhfmtehsjbnsoms.supabase.co/storage/v1/object/public/recipe-images/
[2026-05-19 04:52:52] ecf1329d-732e-41c0-b3c4-fa4ef774dd67  The Best Dill Pickle Hummus  focal=(43%,47%)  -> https://oruplzhfmtehsjbnsoms.supabase.co/storage/v1/object/public/recipe-images/
[2026-05-19 04:54:16] b63ebb02-8371-4929-a3e7-df4d6f40ae42  Pesto Genovese  focal=(39%,59%)  -> https://oruplzhfmtehsjbnsoms.supabase.co/storage/v1/object/public/recipe-images/
[2026-05-19 04:55:08] 88930e5e-5024-4863-aced-f1598013e71f  Green Protein Pasta  focal=(50%,36%)  -> https://oruplzhfmtehsjbnsoms.supabase.co/storage/v1/object/public/recipe-images/
[2026-05-19 04:56:02] 7779b439-0ebf-4458-b93a-7da513a9b331  Instagram Recipe  focal=(48%,51%)  -> https://oruplzhfmtehsjbnsoms.supabase.co/storage/v1/object/public/recipe-images/
[2026-05-19 04:56:38] 2f5523f3-84ea-4938-be7e-bfb050607770  Vegane Schoko Bons  focal=(50%,25%)  -> https://oruplzhfmtehsjbnsoms.supabase.co/storage/v1/object/public/recipe-images/
[2026-05-19 04:57:27] ab1e17b1-ff03-4fae-9ae8-db4e94e05987  Creamy Tortellini  focal=(34%,48%)  -> https://oruplzhfmtehsjbnsoms.supabase.co/storage/v1/object/public/recipe-images/
[2026-05-19 04:58:06] a86dfd89-534d-4904-8619-346f6d96c527  Pilz Pizzabrötchen  focal=(35%,47%)  -> https://oruplzhfmtehsjbnsoms.supabase.co/storage/v1/object/public/recipe-images/
[2026-05-19 04:58:41] 1603017d-2c4f-493a-b07e-fb01808a353a  Sichuan Tofu Miso Ramen  focal=(51%,44%)  -> https://oruplzhfmtehsjbnsoms.supabase.co/storage/v1/object/public/recipe-images/
[2026-05-19 05:00:05] c7efe106-3683-47b6-87ad-23bd2a80cd28  Gochujang Nudeln  focal=(51%,44%)  -> https://oruplzhfmtehsjbnsoms.supabase.co/storage/v1/object/public/recipe-images/
[2026-05-19 05:01:39] 1abcca8e-838d-4d1a-ae2a-d82b1f6a7fe1  Small Batch Brown Butter Molten Vegan Peanut Butter Cup Brow  focal=(47%,29%)  -> https://oruplzhfmtehsjbnsoms.supabase.co/storage/v1/object/public/recipe-images/
[2026-05-19 05:02:03] 9aecb84b-1e29-4c41-b728-e5a406ca93d1  Healthy No Bake Lemon Bars  focal=(55%,61%)  -> https://oruplzhfmtehsjbnsoms.supabase.co/storage/v1/object/public/recipe-images/
[2026-05-19 05:03:24] dadfdfe3-47be-4a1f-a185-a0b425285ba4  Frozen Meal Components  focal=(53%,36%)  -> https://oruplzhfmtehsjbnsoms.supabase.co/storage/v1/object/public/recipe-images/
[2026-05-19 05:03:55] 9d3d996f-6f03-4ed0-a46b-b959809edde7  Chocolate Veggie Muffins  focal=(51%,57%)  -> https://oruplzhfmtehsjbnsoms.supabase.co/storage/v1/object/public/recipe-images/
[2026-05-19 05:04:42] 5f31a43a-6e8b-477b-8b59-a4eee6bc663e  Instagram Recipe  focal=(49%,42%)  -> https://oruplzhfmtehsjbnsoms.supabase.co/storage/v1/object/public/recipe-images/
[2026-05-19 05:05:10] 44c876a9-aeab-4826-8f72-22f5ca6b64ad  Shredded Tofu with Crispy Potatoes  focal=(46%,62%)  -> https://oruplzhfmtehsjbnsoms.supabase.co/storage/v1/object/public/recipe-images/
[2026-05-19 05:05:55] 9a6af782-7ea6-4223-acc0-1fac0c521696  Möhre-Walnuss-Brot  focal=(39%,33%)  -> https://oruplzhfmtehsjbnsoms.supabase.co/storage/v1/object/public/recipe-images/
[2026-05-19 05:07:12] 5c07a090-d81b-45dd-bc04-72192c1966b8  Crunchwrap Supreme  focal=(56%,54%)  -> https://oruplzhfmtehsjbnsoms.supabase.co/storage/v1/object/public/recipe-images/
[2026-05-19 05:08:15] 413796cb-7520-4a2d-9a4e-30767fedbbcd  Cinnamon and Cardamom Buns  focal=(44%,64%)  -> https://oruplzhfmtehsjbnsoms.supabase.co/storage/v1/object/public/recipe-images/
[2026-05-19 05:09:22] b0cee839-d434-4c5b-9a53-0fe2e0fb185d  Healthier Kit Kat Bars  focal=(54%,49%)  -> https://oruplzhfmtehsjbnsoms.supabase.co/storage/v1/object/public/recipe-images/
[2026-05-19 05:09:39] fc0919a1-c955-431c-9a24-ae9ae80bb0fe  Room Temperature Butter Baking Tip  focal=(46%,31%)  -> https://oruplzhfmtehsjbnsoms.supabase.co/storage/v1/object/public/recipe-images/
[2026-05-19 05:10:52] 2d50952a-8a94-4b9a-8370-c6ee829cced2  Instagram Recipe  focal=(55%,51%)  -> https://oruplzhfmtehsjbnsoms.supabase.co/storage/v1/object/public/recipe-images/
[2026-05-19 05:11:57] ca497271-50a9-4d5c-8d82-d308a9f06c16  Instagram Recipe  focal=(38%,55%)  -> https://oruplzhfmtehsjbnsoms.supabase.co/storage/v1/object/public/recipe-images/
[2026-05-19 05:12:46] b767d8ab-0673-4321-bfe0-c1561f967e98  Creamy Roasted Peach Cobbler Cheesecake  focal=(43%,38%)  -> https://oruplzhfmtehsjbnsoms.supabase.co/storage/v1/object/public/recipe-images/
[2026-05-19 05:13:30] 49cf105d-b843-4655-ae35-bda336c96477  Franzbrötchen Plätzchen 2.0  focal=(55%,46%)  -> https://oruplzhfmtehsjbnsoms.supabase.co/storage/v1/object/public/recipe-images/
[2026-05-19 05:13:55] 003be866-e0c3-4723-845e-77d4d7cc43d0  Cinnamon Buns  focal=(42%,46%)  -> https://oruplzhfmtehsjbnsoms.supabase.co/storage/v1/object/public/recipe-images/
[2026-05-19 05:15:13] 1fde7613-36a6-48d7-ac3a-037347ed09d4  Instagram Recipe  focal=(49%,46%)  -> https://oruplzhfmtehsjbnsoms.supabase.co/storage/v1/object/public/recipe-images/
[2026-05-19 05:15:45] 92a6259c-0224-4b87-9d04-cb4707de66ae  High Protein Plant-Based Cream  focal=(59%,45%)  -> https://oruplzhfmtehsjbnsoms.supabase.co/storage/v1/object/public/recipe-images/
[2026-05-19 05:16:46] 78272f49-0027-42ca-8c35-baf9fa89a242  Banana Bread  focal=(50%,43%)  -> https://oruplzhfmtehsjbnsoms.supabase.co/storage/v1/object/public/recipe-images/
[2026-05-19 05:17:36] d1a8b825-0535-4da5-925d-d787ef5bf8e2  Hidden Bean Pasta  focal=(58%,74%)  -> https://oruplzhfmtehsjbnsoms.supabase.co/storage/v1/object/public/recipe-images/
[2026-05-19 05:19:14] e8c905f5-beef-4f5d-8899-4d6f0db2d08b  Instagram Recipe  focal=(33%,39%)  -> https://oruplzhfmtehsjbnsoms.supabase.co/storage/v1/object/public/recipe-images/
[2026-05-19 05:19:52] 8431af5c-499f-4f8c-bb63-c659b8e6c312  Kirsch-Schoko-Cheesecake-Kuchen  focal=(66%,34%)  -> https://oruplzhfmtehsjbnsoms.supabase.co/storage/v1/object/public/recipe-images/
[2026-05-19 05:20:22] d8fbe353-7cbd-499f-9b01-dea82973b36b  Saaten Cracker  focal=(59%,48%)  -> https://oruplzhfmtehsjbnsoms.supabase.co/storage/v1/object/public/recipe-images/
[2026-05-19 05:21:02] 6f4c2b4b-9fe8-4fe8-86bd-f7f794b45178  Boiled Tofu  focal=(51%,60%)  -> https://oruplzhfmtehsjbnsoms.supabase.co/storage/v1/object/public/recipe-images/
[2026-05-19 05:21:49] 66e0cdff-41c6-404a-b30f-23e345c521a5  Homemade Pickle Dressing  focal=(45%,30%)  -> https://oruplzhfmtehsjbnsoms.supabase.co/storage/v1/object/public/recipe-images/
[2026-05-19 05:23:50] 75af6e2c-7653-49c1-87fe-69825d20a88b  Caviar Soy Sauce  focal=(48%,61%)  -> https://oruplzhfmtehsjbnsoms.supabase.co/storage/v1/object/public/recipe-images/
[2026-05-19 05:24:22] cad887d9-f60c-4a44-b6ea-aea210cbe905  Mediterranean Roasted Potato & Tzatziki Bowl  focal=(53%,37%)  -> https://oruplzhfmtehsjbnsoms.supabase.co/storage/v1/object/public/recipe-images/
[2026-05-19 05:24:57] ce3abd15-2f70-49c7-8c75-6ec1ccf01b66  Ultra Fudgy Vegan Salted Caramel Brown Butter Brownies  focal=(42%,34%)  -> https://oruplzhfmtehsjbnsoms.supabase.co/storage/v1/object/public/recipe-images/
[2026-05-19 05:25:38] 89ba80d7-5ddc-4484-b780-466e79c0fd9e  Creamy Vegan Blueberry Crumble Cheesecake  focal=(49%,64%)  -> https://oruplzhfmtehsjbnsoms.supabase.co/storage/v1/object/public/recipe-images/
[2026-05-19 05:26:08] f82a958b-87fd-4ff3-9f91-3c49f182e32c  Salted Caramel Muffins  focal=(47%,45%)  -> https://oruplzhfmtehsjbnsoms.supabase.co/storage/v1/object/public/recipe-images/
[2026-05-19 05:26:27] d2cc3ecb-bda4-4b4f-aded-e7b76a8f7ebc  Mediterranean Chopped Salad  focal=(41%,42%)  -> https://oruplzhfmtehsjbnsoms.supabase.co/storage/v1/object/public/recipe-images/
[2026-05-19 05:26:55] 05dedeaa-a230-4be5-9980-0b795e8327aa  Kartoffelsalat mal ganz anders  focal=(50%,49%)  -> https://oruplzhfmtehsjbnsoms.supabase.co/storage/v1/object/public/recipe-images/
[2026-05-19 05:27:32] e2dc453f-ea0b-43d6-b298-a3a76468e8a7  Creamy No Bake Oreo Cheesecake  focal=(50%,72%)  -> https://oruplzhfmtehsjbnsoms.supabase.co/storage/v1/object/public/recipe-images/
[2026-05-19 05:28:03] 6d62c3e5-1967-4f66-9ee4-72afdabf2c2e  Moist Vegan Lemon Drizzle Cake  focal=(54%,35%)  -> https://oruplzhfmtehsjbnsoms.supabase.co/storage/v1/object/public/recipe-images/
[2026-05-19 05:29:30] 06672d7d-a5a2-491e-ace8-229e4d6a5580  Gemüserolle  focal=(45%,60%)  -> https://oruplzhfmtehsjbnsoms.supabase.co/storage/v1/object/public/recipe-images/
[2026-05-19 05:30:26] 0fe39418-4c50-4b1d-9414-e3db15217e67  Malai Kofta  focal=(56%,56%)  -> https://oruplzhfmtehsjbnsoms.supabase.co/storage/v1/object/public/recipe-images/
[2026-05-19 05:30:53] 87abaf19-00ed-47ec-9c1e-304724904ea0  Frisch gebackene glutenfreie Brötchen  focal=(55%,45%)  -> https://oruplzhfmtehsjbnsoms.supabase.co/storage/v1/object/public/recipe-images/
[2026-05-19 05:31:14] ed1c8cfc-fd86-4865-9907-d4af5af111e3  Happy Hippos Tiramisu  focal=(45%,49%)  -> https://oruplzhfmtehsjbnsoms.supabase.co/storage/v1/object/public/recipe-images/
[2026-05-19 05:32:41] 32769e57-ed04-40ee-b230-7356baf0dc2a  World's Best Salad Dressing  focal=(52%,70%)  -> https://oruplzhfmtehsjbnsoms.supabase.co/storage/v1/object/public/recipe-images/
[2026-05-19 05:33:30] 752d5fb1-8493-4320-bbd8-188c85b2a7d0  Birria Ramen  focal=(43%,59%)  -> https://oruplzhfmtehsjbnsoms.supabase.co/storage/v1/object/public/recipe-images/
[2026-05-19 05:33:51] 67220542-8f6a-4ced-b551-47fa1d23716f  Gesunde Kokos Himbeer Riegel  focal=(45%,65%)  -> https://oruplzhfmtehsjbnsoms.supabase.co/storage/v1/object/public/recipe-images/
[2026-05-19 05:34:14] 9cfe7856-4299-4ebc-a8cb-e5a2a8c0b09b  Summer Smoothie Bowl  focal=(51%,42%)  -> https://oruplzhfmtehsjbnsoms.supabase.co/storage/v1/object/public/recipe-images/
[2026-05-19 05:34:37] 73ccdba5-44fd-406d-af13-85a5d94e7297  One Bowl Vegan Lemon Blueberry Cake  focal=(48%,36%)  -> https://oruplzhfmtehsjbnsoms.supabase.co/storage/v1/object/public/recipe-images/
[2026-05-19 05:35:05] a9e003d8-3b2b-471c-83a9-d70e9f0ba610  Homemade Protein Powder  focal=(52%,59%)  -> https://oruplzhfmtehsjbnsoms.supabase.co/storage/v1/object/public/recipe-images/
[2026-05-19 05:35:26] ef4ce0da-631f-4808-879b-1b12f0bbe012  Bratkartoffelsalat  focal=(69%,39%)  -> https://oruplzhfmtehsjbnsoms.supabase.co/storage/v1/object/public/recipe-images/
[2026-05-19 05:36:03] ac7f3fa3-554f-49c7-95a8-a847ff5ba69a  Creamy Orzo  focal=(49%,51%)  -> https://oruplzhfmtehsjbnsoms.supabase.co/storage/v1/object/public/recipe-images/
[2026-05-19 05:36:32] a44e07f3-d85a-4b4f-a38c-bc7797d73900  Lahmacun  focal=(37%,44%)  -> https://oruplzhfmtehsjbnsoms.supabase.co/storage/v1/object/public/recipe-images/
[2026-05-19 05:37:01] 9350ca1d-8339-4366-8397-c87d700c41ed  Nature's Gut-Healthy Elixirs  focal=(51%,29%)  -> https://oruplzhfmtehsjbnsoms.supabase.co/storage/v1/object/public/recipe-images/
[2026-05-19 05:37:57] b3c6f2a0-b481-4827-ad89-7e1ba7a4bba4  Crispy White Bean Caesar Salad  focal=(46%,48%)  -> https://oruplzhfmtehsjbnsoms.supabase.co/storage/v1/object/public/recipe-images/
[2026-05-19 05:38:34] 84b62994-f067-4a4a-be83-73059a6657fb  Miso Mushroom Orzotto  focal=(59%,61%)  -> https://oruplzhfmtehsjbnsoms.supabase.co/storage/v1/object/public/recipe-images/
[2026-05-19 05:38:59] dbbca8af-4a32-4ba0-a0a4-ce7a4dbf2402  Halloumi and Chickpea Salad  focal=(49%,36%)  -> https://oruplzhfmtehsjbnsoms.supabase.co/storage/v1/object/public/recipe-images/
[2026-05-19 05:39:31] cd985b1e-0377-4295-97f6-bd7bbf538dd7  Crispy Truffle Mushroom Sando  focal=(48%,53%)  -> https://oruplzhfmtehsjbnsoms.supabase.co/storage/v1/object/public/recipe-images/
[2026-05-19 05:40:18] 646894b9-499f-4082-b4cf-15695ae05670  Sambal Satay Tofu Sando  focal=(47%,35%)  -> https://oruplzhfmtehsjbnsoms.supabase.co/storage/v1/object/public/recipe-images/
[2026-05-19 05:41:02] de691ced-49e6-49af-aa9d-9baa5a0876ed  Mushroom Tikka Focaccia Sandwich  focal=(64%,58%)  -> https://oruplzhfmtehsjbnsoms.supabase.co/storage/v1/object/public/recipe-images/
[2026-05-19 05:41:37] 75b14e77-2dc0-4027-8758-a95adef9093c  Spicy Sausage Gnocchi Tray Bake  focal=(49%,48%)  -> https://oruplzhfmtehsjbnsoms.supabase.co/storage/v1/object/public/recipe-images/
[2026-05-19 05:42:17] 8c4d36c9-d71e-491b-a7dc-0431b0dd5b45  Cream Cheese and Salmon Bagel  focal=(55%,32%)  -> https://oruplzhfmtehsjbnsoms.supabase.co/storage/v1/object/public/recipe-images/
[2026-05-19 05:43:10] 28f4127a-c34e-4214-88ec-5e57fd9582b9  Franzbrötchen Plätzchen  focal=(50%,31%)  -> https://oruplzhfmtehsjbnsoms.supabase.co/storage/v1/object/public/recipe-images/
[2026-05-19 05:44:20] 4f4e4dbd-0ba9-4a0b-a199-04e354652d82  Rotkohl Slaw  focal=(47%,39%)  -> https://oruplzhfmtehsjbnsoms.supabase.co/storage/v1/object/public/recipe-images/
[2026-05-19 05:44:58] 47eabc84-bab3-41ac-aabf-04b8fcfd84bd  War ich all die Jahre zu dumm  focal=(45%,52%)  -> https://oruplzhfmtehsjbnsoms.supabase.co/storage/v1/object/public/recipe-images/
[2026-05-19 05:45:19] ae09082d-a01b-49ed-9d7d-a9be631c5846  Tomato Salad  focal=(46%,58%)  -> https://oruplzhfmtehsjbnsoms.supabase.co/storage/v1/object/public/recipe-images/
[2026-05-19 05:45:54] 4163322c-c492-4733-a50c-f7df2a4cea6c  Granola Cookies with Peanut, Apricot & Chocolate  focal=(30%,24%)  -> https://oruplzhfmtehsjbnsoms.supabase.co/storage/v1/object/public/recipe-images/
[2026-05-19 05:46:19] 03b2c5ef-9379-4078-87af-909b8923e791  Whole Food Bean Dish  focal=(56%,77%)  -> https://oruplzhfmtehsjbnsoms.supabase.co/storage/v1/object/public/recipe-images/
[2026-05-19 05:47:05] afb94e70-ce86-4e34-af25-171d4abe96d0  Instagram Recipe  focal=(53%,39%)  -> https://oruplzhfmtehsjbnsoms.supabase.co/storage/v1/object/public/recipe-images/
[2026-05-19 05:47:43] 6f4a4752-7d82-481c-a689-2b184b093cd4  Roasted Tomato Burrata Dip with Garlic Bread Crostinis  focal=(60%,59%)  -> https://oruplzhfmtehsjbnsoms.supabase.co/storage/v1/object/public/recipe-images/
[2026-05-19 05:48:25] df51daca-6e7f-4c9e-b8ed-2565af4b64f2  Risotto Verde  focal=(43%,67%)  -> https://oruplzhfmtehsjbnsoms.supabase.co/storage/v1/object/public/recipe-images/
[2026-05-19 05:50:23] 2799f15a-6572-4ed7-960e-cb5d592dd349  Börek  focal=(47%,52%)  -> https://oruplzhfmtehsjbnsoms.supabase.co/storage/v1/object/public/recipe-images/
[2026-05-19 05:50:59] 96ff6a53-de7c-420f-bb90-1d24395e9888  Instagram Recipe  focal=(49%,62%)  -> https://oruplzhfmtehsjbnsoms.supabase.co/storage/v1/object/public/recipe-images/
[2026-05-19 05:51:51] 41d6eb32-c04a-444c-a5bd-e1191b95355d  Vegan Pistachio Braid  focal=(43%,51%)  -> https://oruplzhfmtehsjbnsoms.supabase.co/storage/v1/object/public/recipe-images/
[2026-05-19 05:52:30] d9063b8b-002a-441e-916e-a97a71528fdf  Shirazi Salad  focal=(39%,50%)  -> https://oruplzhfmtehsjbnsoms.supabase.co/storage/v1/object/public/recipe-images/
[2026-05-19 05:53:30] b4945158-5e8d-4f99-bb98-c1b0b1242b49  Taxi-Teller  focal=(48%,48%)  -> https://oruplzhfmtehsjbnsoms.supabase.co/storage/v1/object/public/recipe-images/
[2026-05-19 05:54:32] 400c88b6-268e-473f-a16a-b02908ee72d8  Schnitzel  focal=(60%,35%)  -> https://oruplzhfmtehsjbnsoms.supabase.co/storage/v1/object/public/recipe-images/
[2026-05-19 05:55:13] 05ed46c0-7a74-4059-9682-ddc27a0fe6c8  Easy Toddler Meals  focal=(54%,53%)  -> https://oruplzhfmtehsjbnsoms.supabase.co/storage/v1/object/public/recipe-images/
[2026-05-19 05:56:06] ae3b052c-1368-4051-9869-55907ef0e360  Banana Bread Balls mit Schoki  focal=(58%,60%)  -> https://oruplzhfmtehsjbnsoms.supabase.co/storage/v1/object/public/recipe-images/
[2026-05-19 05:56:31] 4e509555-4dc1-42c7-a53c-9ffad510dab8  Cremige Udon-Nudeln mit Gemüse und Erdnuss-Gochujang-Sauce  focal=(48%,52%)  -> https://oruplzhfmtehsjbnsoms.supabase.co/storage/v1/object/public/recipe-images/
[2026-05-19 05:57:26] 6505efcd-e808-4ee8-a149-855956b04b8b  Tomato Soup & Grilled Cheese  focal=(62%,37%)  -> https://oruplzhfmtehsjbnsoms.supabase.co/storage/v1/object/public/recipe-images/
[2026-05-19 05:57:46] 613b181e-d95b-4eac-9917-cc23b8bc60db  Salted Date Caramels  focal=(49%,17%)  -> https://oruplzhfmtehsjbnsoms.supabase.co/storage/v1/object/public/recipe-images/
[2026-05-19 05:58:22] 9d5cbe57-71ec-402c-919c-7e271b2a05f3  Sweet Potato Crackers  focal=(50%,24%)  -> https://oruplzhfmtehsjbnsoms.supabase.co/storage/v1/object/public/recipe-images/
[2026-05-19 05:59:03] 0d1ecb78-60d1-4efb-acc2-37c8492aaab9  Tempeh Meatballs  focal=(54%,37%)  -> https://oruplzhfmtehsjbnsoms.supabase.co/storage/v1/object/public/recipe-images/
[2026-05-19 05:59:35] f6f24dfa-c8aa-4348-897f-b0a302dbe63a  Crispy Smashed Harissa Potatoes  focal=(59%,54%)  -> https://oruplzhfmtehsjbnsoms.supabase.co/storage/v1/object/public/recipe-images/
[2026-05-19 06:00:26] fb42b5a8-a93d-4b53-8d60-9915c3d99477  NYC Bagels  focal=(27%,42%)  -> https://oruplzhfmtehsjbnsoms.supabase.co/storage/v1/object/public/recipe-images/
[2026-05-19 06:01:08] 54be1fe0-b94e-4678-a048-57346aa6a043  Veggie-Loaded Chocolate Muffins  focal=(57%,52%)  -> https://oruplzhfmtehsjbnsoms.supabase.co/storage/v1/object/public/recipe-images/
[2026-05-19 06:01:32] ee839303-95e1-4905-9a48-770d3b4700d7  Crispy Smashed Potatoes with Vegetables and Eggs  focal=(54%,33%)  -> https://oruplzhfmtehsjbnsoms.supabase.co/storage/v1/object/public/recipe-images/
[2026-05-19 06:02:15] 495c7ed7-47ff-4ac0-8a93-1d3d11e18808  Plant Based Tofu Feta Persian-Style  focal=(51%,47%)  -> https://oruplzhfmtehsjbnsoms.supabase.co/storage/v1/object/public/recipe-images/
[2026-05-19 06:03:36] 5516db2e-c4c4-4157-bbee-bd435d4ca361  Vegan Sucuk  focal=(43%,28%)  -> https://oruplzhfmtehsjbnsoms.supabase.co/storage/v1/object/public/recipe-images/
[2026-05-19 06:04:23] 5d39b070-718a-4709-9fe8-5889f6423d66  Creamy Tomato Soup  focal=(45%,56%)  -> https://oruplzhfmtehsjbnsoms.supabase.co/storage/v1/object/public/recipe-images/
[2026-05-19 06:05:00] f78378ad-975f-44b7-b992-4fb25064436c  Vegan X-Mas Duck with Gravy  focal=(37%,62%)  -> https://oruplzhfmtehsjbnsoms.supabase.co/storage/v1/object/public/recipe-images/
[2026-05-19 06:06:36] cc3d7b7b-1162-4a62-a9ec-22b10f8c2a43  Instagram Recipe  focal=(52%,34%)  -> https://oruplzhfmtehsjbnsoms.supabase.co/storage/v1/object/public/recipe-images/
[2026-05-19 06:07:14] 7a9e9abb-f639-4016-b1fb-847725f7281c  Copycat Reese's Peanut Butter Cups  focal=(53%,61%)  -> https://oruplzhfmtehsjbnsoms.supabase.co/storage/v1/object/public/recipe-images/
[2026-05-19 06:08:24] 0ea83e39-ca27-4571-b508-e7d15d265c32  Sauerkraut  focal=(56%,55%)  -> https://oruplzhfmtehsjbnsoms.supabase.co/storage/v1/object/public/recipe-images/
[2026-05-19 06:08:57] 36368557-d3e4-433a-a595-78cd1b8727b0  Vegan Spaghetti Carbonara  focal=(50%,64%)  -> https://oruplzhfmtehsjbnsoms.supabase.co/storage/v1/object/public/recipe-images/
[2026-05-19 06:09:46] ad10ceb7-a437-4c31-9b77-a9729ef33e60  Penang Char Kway Teow  focal=(53%,34%)  -> https://oruplzhfmtehsjbnsoms.supabase.co/storage/v1/object/public/recipe-images/
[2026-05-19 06:10:21] e6851f29-1b59-48b8-82e2-5abfd9743f89  Plant-Based Holiday Meal Plan  focal=(47%,33%)  -> https://oruplzhfmtehsjbnsoms.supabase.co/storage/v1/object/public/recipe-images/
[2026-05-19 06:11:15] f0bd78a5-96d1-4125-b7a2-880bab99d5a2  Sticky Date Baked Oats  focal=(63%,72%)  -> https://oruplzhfmtehsjbnsoms.supabase.co/storage/v1/object/public/recipe-images/
[2026-05-19 06:12:38] 36859306-90b5-416d-ba6c-a6d3988b307f  Jollof Rice  focal=(47%,48%)  -> https://oruplzhfmtehsjbnsoms.supabase.co/storage/v1/object/public/recipe-images/
[2026-05-19 06:13:10] 8bd9d7bc-78df-45f6-9089-09386b4febd9  Tofu Cream Cheese  focal=(56%,57%)  -> https://oruplzhfmtehsjbnsoms.supabase.co/storage/v1/object/public/recipe-images/
[2026-05-19 06:13:42] 4fcce24a-fed7-453d-ac3a-ac65044e1a8e  Instagram Recipe  focal=(46%,60%)  -> https://oruplzhfmtehsjbnsoms.supabase.co/storage/v1/object/public/recipe-images/
[2026-05-19 06:14:16] e62272f9-0c0c-4c57-876a-58dcd262803a  Laugenrentiere  focal=(54%,52%)  -> https://oruplzhfmtehsjbnsoms.supabase.co/storage/v1/object/public/recipe-images/
[2026-05-19 06:15:26] 7800bb24-1903-42af-a8f7-303ce345d1ba  Vegan Mac and Cheese  focal=(44%,45%)  -> https://oruplzhfmtehsjbnsoms.supabase.co/storage/v1/object/public/recipe-images/
[2026-05-19 06:16:03] bccd683f-9f4d-4df9-adf0-2f56c035c065  Shredded King Oyster Mushroom Tacos  focal=(30%,24%)  -> https://oruplzhfmtehsjbnsoms.supabase.co/storage/v1/object/public/recipe-images/
[2026-05-19 06:16:38] 5b83e987-3248-4928-972a-1c06ef244e72  Edamame Bean Salad with Sweet Sesame Dressing  focal=(48%,39%)  -> https://oruplzhfmtehsjbnsoms.supabase.co/storage/v1/object/public/recipe-images/
[2026-05-19 06:17:08] 67f037c8-3452-4a8b-b9a2-d2e1ff9af69c  Maple Glazed Carrots  focal=(47%,40%)  -> https://oruplzhfmtehsjbnsoms.supabase.co/storage/v1/object/public/recipe-images/
[2026-05-19 06:17:51] 80095b60-459d-48dd-917e-f5f3cfbb5d8f  3-Ingredient NYC Bagels  focal=(51%,34%)  -> https://oruplzhfmtehsjbnsoms.supabase.co/storage/v1/object/public/recipe-images/
[2026-05-19 06:18:29] 17785771-a8de-4aad-9a34-bc850e30e547  One-Pot Tortellini  focal=(49%,42%)  -> https://oruplzhfmtehsjbnsoms.supabase.co/storage/v1/object/public/recipe-images/
[2026-05-19 06:19:23] f8b24956-74e4-49cd-89ef-c401fc8a7da0  Peach Cobbler & Cocktail Combo  focal=(36%,44%)  -> https://oruplzhfmtehsjbnsoms.supabase.co/storage/v1/object/public/recipe-images/
[2026-05-19 06:20:19] e3db0a62-d083-408c-a6c9-fae2634043f3  Pulled Mushroom Brisket & Lentil Ragu  focal=(64%,51%)  -> https://oruplzhfmtehsjbnsoms.supabase.co/storage/v1/object/public/recipe-images/
[2026-05-19 06:21:29] 39ace365-47a9-4f95-95cd-30b7ab06f104  Gänsebraten  focal=(47%,75%)  -> https://oruplzhfmtehsjbnsoms.supabase.co/storage/v1/object/public/recipe-images/
[2026-05-19 06:22:28] 5b2c1c5b-2407-4d56-905d-9a8df477f640  Korean Fried Tofu Sando  focal=(53%,51%)  -> https://oruplzhfmtehsjbnsoms.supabase.co/storage/v1/object/public/recipe-images/
[2026-05-19 06:22:54] 61dd959b-05df-49b1-99a5-f4dd7ba27804  No Eggs Baking  focal=(60%,31%)  -> https://oruplzhfmtehsjbnsoms.supabase.co/storage/v1/object/public/recipe-images/
[2026-05-19 06:23:43] c8874908-5138-4e72-98e4-7c736aebbe85  Triple Garlic Pasta  focal=(48%,56%)  -> https://oruplzhfmtehsjbnsoms.supabase.co/storage/v1/object/public/recipe-images/
[2026-05-19 06:24:16] 7e485333-7f94-455f-8923-715040dafc0f  Vegan Creamy Chocolate Cheesecake  focal=(49%,55%)  -> https://oruplzhfmtehsjbnsoms.supabase.co/storage/v1/object/public/recipe-images/
[2026-05-19 09:37:07] bcb7dc39-0a82-4549-a3bb-9a00a4123624  Hot Honey Halloumi Bowl  focal=(58%,44%)  -> https://oruplzhfmtehsjbnsoms.supabase.co/storage/v1/object/public/recipe-images/
[2026-05-19 09:37:31] 2ecf6774-b55f-41c2-bb95-10b640d882a4  Caramelised Onion, Pumpkin and Pesto Cannelloni  focal=(45%,50%)  -> https://oruplzhfmtehsjbnsoms.supabase.co/storage/v1/object/public/recipe-images/
[2026-05-19 09:37:57] 2fe98d10-b341-47f7-a44c-0a760550055f  Kartoffel Zwiebel Tarte  focal=(66%,55%)  -> https://oruplzhfmtehsjbnsoms.supabase.co/storage/v1/object/public/recipe-images/
[2026-05-19 12:18:09] 3bf00e66-38de-4166-bf16-8104e23c2f2e  Sweetcorn Soup  focal=(52%,32%)  -> https://oruplzhfmtehsjbnsoms.supabase.co/storage/v1/object/public/recipe-images/
[2026-05-19 12:18:50] 871db590-c82d-410f-8fa0-cfffc8932b13  Raffaellos mit Himbeeren  focal=(67%,49%)  -> https://oruplzhfmtehsjbnsoms.supabase.co/storage/v1/object/public/recipe-images/
[2026-05-19 12:19:35] a90fd564-b69e-44a0-9457-38483d1d3786  Rosemary Focaccia  focal=(49%,53%)  -> https://oruplzhfmtehsjbnsoms.supabase.co/storage/v1/object/public/recipe-images/
[2026-05-19 12:20:01] 9c29e830-29e4-4c85-ae5b-0143ee3716bf  Protein Pasta Salad Jars  focal=(53%,52%)  -> https://oruplzhfmtehsjbnsoms.supabase.co/storage/v1/object/public/recipe-images/
[2026-05-19 12:20:37] aeb664f4-a358-48d6-86f5-3ca15a6f2424  Romesco Style Pasta with Spicy Breadcrumb  focal=(44%,61%)  -> https://oruplzhfmtehsjbnsoms.supabase.co/storage/v1/object/public/recipe-images/
[2026-05-19 12:21:02] e58ab51e-4bc8-4c94-96c4-e9344ddb0bd8  Sheet Pan Gnocchi  focal=(45%,25%)  -> https://oruplzhfmtehsjbnsoms.supabase.co/storage/v1/object/public/recipe-images/
[2026-05-19 12:21:44] 3b017147-9695-4f72-864d-28f01427ef83  Meal Prep Baked Oats - Apple & Blackberry  focal=(51%,54%)  -> https://oruplzhfmtehsjbnsoms.supabase.co/storage/v1/object/public/recipe-images/
[2026-05-19 12:23:10] abf591ca-2738-4c7a-be1c-f466ef9fbe6a  Vegan Çiğ Köfte  focal=(52%,71%)  -> https://oruplzhfmtehsjbnsoms.supabase.co/storage/v1/object/public/recipe-images/
[2026-05-19 12:23:38] 631e8853-3207-45af-bb88-edcb7f7b4459  Caprese Sheet Pan Gnocchi  focal=(48%,52%)  -> https://oruplzhfmtehsjbnsoms.supabase.co/storage/v1/object/public/recipe-images/
[2026-05-19 12:24:23] 94dcae78-ece4-4f92-ac6f-bb95faf140c2  Spinach Artichoke Dip  focal=(54%,35%)  -> https://oruplzhfmtehsjbnsoms.supabase.co/storage/v1/object/public/recipe-images/
[2026-05-19 12:25:03] b748fb4d-f643-4b46-8eb6-a6726fb00239  Smoky Spiced Butter Bean Dip  focal=(51%,31%)  -> https://oruplzhfmtehsjbnsoms.supabase.co/storage/v1/object/public/recipe-images/
[2026-05-19 12:25:54] b7d58173-46c9-4d92-8747-6e5f3c9b50bb  One-Pot Lemon Leek Orzo  focal=(40%,50%)  -> https://oruplzhfmtehsjbnsoms.supabase.co/storage/v1/object/public/recipe-images/
[2026-05-19 12:26:27] 8aad2179-068c-4952-891f-e8a7de22e1f0  Muhammara  focal=(61%,47%)  -> https://oruplzhfmtehsjbnsoms.supabase.co/storage/v1/object/public/recipe-images/
[2026-05-19 12:26:53] 516753db-c0f0-49b7-a076-40f1c9eb6d9f  Tofu Cream Cheese  focal=(55%,50%)  -> https://oruplzhfmtehsjbnsoms.supabase.co/storage/v1/object/public/recipe-images/
[2026-05-19 12:27:41] 5229c43e-38f5-45ec-acc4-12c637a84561  Restaurant-Worthy Guacamole  focal=(45%,44%)  -> https://oruplzhfmtehsjbnsoms.supabase.co/storage/v1/object/public/recipe-images/
[2026-05-19 12:28:10] a0b42d06-1dec-4572-b741-0b7abe38d4d8  Hummus with Ice Cubes  focal=(44%,71%)  -> https://oruplzhfmtehsjbnsoms.supabase.co/storage/v1/object/public/recipe-images/
[2026-05-19 12:28:43] 084d15d5-2ac8-4474-9975-22819069df13  Nourish Bowl with Roasted Cauliflower and Butter Beans  focal=(44%,42%)  -> https://oruplzhfmtehsjbnsoms.supabase.co/storage/v1/object/public/recipe-images/
[2026-05-19 12:29:30] 963eb970-026c-4ec0-8b51-a57ae5ffe3a3  Mutabal  focal=(73%,44%)  -> https://oruplzhfmtehsjbnsoms.supabase.co/storage/v1/object/public/recipe-images/
[2026-05-19 12:30:08] ed7b085f-577d-4a42-b4f5-ecabffa1929c  One Pot Creamy Tuscan Bean and Sun-Dried Tomato Skillet  focal=(56%,59%)  -> https://oruplzhfmtehsjbnsoms.supabase.co/storage/v1/object/public/recipe-images/
[2026-05-19 12:30:38] 09da10f6-4fb9-43e9-b9fa-e991946a7ee7  Baked Caramelized Onion Pasta  focal=(43%,38%)  -> https://oruplzhfmtehsjbnsoms.supabase.co/storage/v1/object/public/recipe-images/
[2026-05-19 12:31:05] 75dde6d0-9b69-46c4-9975-e861d66fce73  Small Batch Gooey Vegan Lemon Sweet Rolls  focal=(57%,39%)  -> https://oruplzhfmtehsjbnsoms.supabase.co/storage/v1/object/public/recipe-images/
[2026-05-19 12:31:28] 87a8e91c-940d-4190-adab-5a493da5edcc  Small Batch Gooey Vegan Cinnamon Rolls  focal=(48%,44%)  -> https://oruplzhfmtehsjbnsoms.supabase.co/storage/v1/object/public/recipe-images/
[2026-05-19 12:31:57] 078cc972-2cd0-40f0-b777-760230a04409  Easy Sweet Potato & Spinach Dahl  focal=(52%,53%)  -> https://oruplzhfmtehsjbnsoms.supabase.co/storage/v1/object/public/recipe-images/
[2026-05-19 12:32:25] c72b789b-2393-4ee6-83a5-9794cf131205  Shredded Tofu Wrap  focal=(49%,50%)  -> https://oruplzhfmtehsjbnsoms.supabase.co/storage/v1/object/public/recipe-images/
[2026-05-19 12:33:04] 84b48f85-3b41-490e-8a34-eb746be314ed  Homemade 3 Ingredient Vegan Cream Cheese  focal=(36%,47%)  -> https://oruplzhfmtehsjbnsoms.supabase.co/storage/v1/object/public/recipe-images/
[2026-05-19 12:33:25] 5383281f-6d5b-4efa-a2d0-9b65d70dfa66  Unbelievably Silky Baked Vegan Cheesecake  focal=(47%,60%)  -> https://oruplzhfmtehsjbnsoms.supabase.co/storage/v1/object/public/recipe-images/
[2026-05-19 12:33:44] 12205bc0-c5e3-4039-8933-6f3b97bbe11d  Turmeric Quinoa & Edamame Salad  focal=(34%,35%)  -> https://oruplzhfmtehsjbnsoms.supabase.co/storage/v1/object/public/recipe-images/
[2026-05-19 12:34:35] 5678860b-ee2e-4335-a297-07451bf117db  Cream of Mushroom Soup  focal=(50%,40%)  -> https://oruplzhfmtehsjbnsoms.supabase.co/storage/v1/object/public/recipe-images/
[2026-05-19 12:34:53] 0a29a831-68b2-4c81-a58b-71de10b146e8  Oil-Free Pesto Orzo Salad  focal=(56%,34%)  -> https://oruplzhfmtehsjbnsoms.supabase.co/storage/v1/object/public/recipe-images/
[2026-05-19 12:35:23] c184bf8e-82b2-49b2-bfa8-76f28db9b189  Chickpea Couscous Salad  focal=(46%,51%)  -> https://oruplzhfmtehsjbnsoms.supabase.co/storage/v1/object/public/recipe-images/
[2026-05-19 12:36:15] eb928eeb-ea67-4a06-ac97-620d740b6cd1  Vegan BBQ Chopped Salad  focal=(61%,38%)  -> https://oruplzhfmtehsjbnsoms.supabase.co/storage/v1/object/public/recipe-images/
[2026-05-19 12:36:33] 724c8f92-1b9f-4720-b8cc-b70ee9e95a0a  Fresh One Bowl Blackberry Lavender Sheet Cake  focal=(44%,54%)  -> https://oruplzhfmtehsjbnsoms.supabase.co/storage/v1/object/public/recipe-images/
[2026-05-19 12:37:12] 46b1f9e1-6bd9-4f17-b8a5-616735de8644  BBQ Pulled Pork Burger  focal=(41%,52%)  -> https://oruplzhfmtehsjbnsoms.supabase.co/storage/v1/object/public/recipe-images/
[2026-05-19 12:37:33] f5cfba25-6593-48e7-95b6-b1991e516825  Risoni Cremoso all'Aglio e Parmigiano  focal=(62%,48%)  -> https://oruplzhfmtehsjbnsoms.supabase.co/storage/v1/object/public/recipe-images/
[2026-05-19 12:38:26] 95db5c1e-ed11-47be-9077-193a66e23285  Chopped Salad Dip  focal=(54%,60%)  -> https://oruplzhfmtehsjbnsoms.supabase.co/storage/v1/object/public/recipe-images/
[2026-05-19 12:38:52] 66dd48b2-0b1c-4026-bb74-dc660e38f130  Moist Apple Crumb Cake with Cream Cheese Swirl  focal=(45%,45%)  -> https://oruplzhfmtehsjbnsoms.supabase.co/storage/v1/object/public/recipe-images/
[2026-05-19 12:39:19] 2c0e2657-6551-4e0d-98e6-71f31f0e85ae  Healthy Blueberry Oat Bars  focal=(53%,58%)  -> https://oruplzhfmtehsjbnsoms.supabase.co/storage/v1/object/public/recipe-images/
[2026-05-19 12:40:21] a8c37d57-d7df-4a48-8059-9bc549338b79  Eggless Egg Salad  focal=(45%,69%)  -> https://oruplzhfmtehsjbnsoms.supabase.co/storage/v1/object/public/recipe-images/
[2026-05-19 12:41:04] bfd8913f-b7f6-405b-af86-cbb00f2095dc  Copycat Whole Foods Adzuki Bean Salad with Tahini Sesame Dre  focal=(55%,67%)  -> https://oruplzhfmtehsjbnsoms.supabase.co/storage/v1/object/public/recipe-images/
[2026-05-19 12:41:40] 570524ae-1e6e-4450-bd42-b4ada694f368  Pool Day Summer Sandwich  focal=(53%,58%)  -> https://oruplzhfmtehsjbnsoms.supabase.co/storage/v1/object/public/recipe-images/
[2026-05-19 12:42:00] 63edcd05-9c91-4424-87b4-1f54ad7d2f83  Instagram Recipe  focal=(52%,55%)  -> https://oruplzhfmtehsjbnsoms.supabase.co/storage/v1/object/public/recipe-images/
[2026-05-19 12:42:53] 003f9988-4a93-49bc-a31f-d3d0af2b318b  Taquitos  focal=(53%,48%)  -> https://oruplzhfmtehsjbnsoms.supabase.co/storage/v1/object/public/recipe-images/
[2026-05-19 12:43:27] 5474a401-5573-4274-a851-3ef3621d024e  Potato Salad  focal=(35%,58%)  -> https://oruplzhfmtehsjbnsoms.supabase.co/storage/v1/object/public/recipe-images/
[2026-05-19 12:44:01] 62c8f1a6-13a1-4196-aac8-db3956cddf35  Christmas Cashew & Blueberry Jam Slice  focal=(43%,75%)  -> https://oruplzhfmtehsjbnsoms.supabase.co/storage/v1/object/public/recipe-images/
[2026-05-19 12:44:45] 515c9076-827a-41bf-8f0f-d7ebbcef5695  Loaded Fattoush Inspired Salad  focal=(37%,36%)  -> https://oruplzhfmtehsjbnsoms.supabase.co/storage/v1/object/public/recipe-images/
[2026-05-19 12:45:20] 7e18709c-94e7-4fa6-adfc-4eba5f15f13a  Creamy Lemon Orzo  focal=(58%,53%)  -> https://oruplzhfmtehsjbnsoms.supabase.co/storage/v1/object/public/recipe-images/
[2026-05-19 12:46:08] 2dd2243c-feeb-4f31-9fe5-1991f3b0f612  Blätterteig-Apfelringe  focal=(43%,49%)  -> https://oruplzhfmtehsjbnsoms.supabase.co/storage/v1/object/public/recipe-images/
[2026-05-19 12:46:30] 446c7bbb-a150-4ebb-8ae0-97624e4d02cb  Quick & Creamy Comfort Gnocchi One-Pot  focal=(58%,51%)  -> https://oruplzhfmtehsjbnsoms.supabase.co/storage/v1/object/public/recipe-images/
[2026-05-19 12:46:56] d5d13d44-db5e-4536-ac0d-95e0862a2d61  One Bowl Molten Vegan Peanut Butter Cookie Bars  focal=(51%,61%)  -> https://oruplzhfmtehsjbnsoms.supabase.co/storage/v1/object/public/recipe-images/
[2026-05-19 12:47:25] 892527ad-db60-41c2-ada1-59af65cb7324  Lemon Meringue Cheesecake  focal=(55%,37%)  -> https://oruplzhfmtehsjbnsoms.supabase.co/storage/v1/object/public/recipe-images/
[2026-05-19 12:48:03] 61c40ace-cd6c-422a-8b9f-8ddfb3ea4f42  Chickpea Caesar Salad  focal=(43%,34%)  -> https://oruplzhfmtehsjbnsoms.supabase.co/storage/v1/object/public/recipe-images/
[2026-05-19 12:48:44] 82dd3d08-91e7-408c-8f2c-799c944df257  Creamy Vegan Lemon Cheesecake with Lemon Curd  focal=(44%,71%)  -> https://oruplzhfmtehsjbnsoms.supabase.co/storage/v1/object/public/recipe-images/
[2026-05-19 12:49:21] 3e79d010-71d9-42dc-947f-4ae5d6d3d4dd  Raspberry & Peanut Butter Crumble  focal=(33%,37%)  -> https://oruplzhfmtehsjbnsoms.supabase.co/storage/v1/object/public/recipe-images/
[2026-05-19 12:49:45] 17203341-d5b7-4709-bdf6-a70460f32160  Vegan Mango Ice Cream  focal=(50%,46%)  -> https://oruplzhfmtehsjbnsoms.supabase.co/storage/v1/object/public/recipe-images/
[2026-05-19 12:50:22] 7dba4b99-3163-454a-8a1b-30fdce7caa16  Sun Dried Tomato Pesto Pasta Salad  focal=(51%,49%)  -> https://oruplzhfmtehsjbnsoms.supabase.co/storage/v1/object/public/recipe-images/
[2026-05-19 12:50:56] def51365-62b2-4189-9970-1ece31a6ba8f  Bärlauch Brötchen  focal=(52%,32%)  -> https://oruplzhfmtehsjbnsoms.supabase.co/storage/v1/object/public/recipe-images/
[2026-05-19 12:51:24] aa3448e7-8968-45fb-aabf-fbcbd4c66259  Copycat Klondike Ice Cream Bars  focal=(53%,54%)  -> https://oruplzhfmtehsjbnsoms.supabase.co/storage/v1/object/public/recipe-images/
[2026-05-19 12:52:36] 51ccc6cd-1cfb-4388-90d1-f8166c7d25d4  Roasted Broccoli Salad  focal=(46%,54%)  -> https://oruplzhfmtehsjbnsoms.supabase.co/storage/v1/object/public/recipe-images/
[2026-05-19 12:53:19] 87d6f7be-316d-4b6e-a5b7-a06278c67014  Busy Girl Salad  focal=(64%,58%)  -> https://oruplzhfmtehsjbnsoms.supabase.co/storage/v1/object/public/recipe-images/
[2026-05-19 12:53:52] ca5a661f-9675-4443-b4a7-c3fe4bd5d16d  Banoffee Cheesecake  focal=(63%,47%)  -> https://oruplzhfmtehsjbnsoms.supabase.co/storage/v1/object/public/recipe-images/
[2026-05-19 12:54:23] 9b1f15b5-f69c-4c89-a1cd-a2a1cdf98b80  Blackberry Cake  focal=(50%,26%)  -> https://oruplzhfmtehsjbnsoms.supabase.co/storage/v1/object/public/recipe-images/
[2026-05-19 12:54:49] 990ab7cd-aba1-47b3-9aa5-8e09cfc56a3f  Healthy Vegan Brownies  focal=(35%,37%)  -> https://oruplzhfmtehsjbnsoms.supabase.co/storage/v1/object/public/recipe-images/
[2026-05-19 12:55:20] 13735b78-2995-4f42-b54e-b4a085ca5b87  Grilled Broccolini and Pomegranate Salad  focal=(53%,36%)  -> https://oruplzhfmtehsjbnsoms.supabase.co/storage/v1/object/public/recipe-images/
[2026-05-19 12:55:48] 09b0acbf-bbe0-40a4-91d2-eca3b6b85571  Strawberry Cream Brownies  focal=(41%,43%)  -> https://oruplzhfmtehsjbnsoms.supabase.co/storage/v1/object/public/recipe-images/
[2026-05-19 12:56:15] 0ecf694a-5032-4292-9a2b-5c26272d2006  Lemon Bakewell Bars  focal=(52%,40%)  -> https://oruplzhfmtehsjbnsoms.supabase.co/storage/v1/object/public/recipe-images/
[2026-05-19 12:56:54] dccbcfe3-9f5b-464a-bdd7-c7dbc5955472  Sommerrollen Deluxe  focal=(49%,62%)  -> https://oruplzhfmtehsjbnsoms.supabase.co/storage/v1/object/public/recipe-images/
[2026-05-19 12:57:25] f580bd7c-fff5-4853-b9a3-471a0585266a  Creamy Chili Oil Pasta  focal=(55%,27%)  -> https://oruplzhfmtehsjbnsoms.supabase.co/storage/v1/object/public/recipe-images/
[2026-05-19 12:57:57] 75a3afc4-4037-4e64-ad4e-ee0e9a9729e0  Chocolate Cream Pie  focal=(50%,40%)  -> https://oruplzhfmtehsjbnsoms.supabase.co/storage/v1/object/public/recipe-images/
[2026-05-19 12:59:10] 3a46960c-8fd5-433d-be0e-4f532f0d7758  Banoffee Cake  focal=(46%,54%)  -> https://oruplzhfmtehsjbnsoms.supabase.co/storage/v1/object/public/recipe-images/
[2026-05-19 13:00:05] 651f6c84-2966-4cc0-98b5-6bfd351ced40  Creamy Butter Bean Soup  focal=(50%,40%)  -> https://oruplzhfmtehsjbnsoms.supabase.co/storage/v1/object/public/recipe-images/
[2026-05-19 13:01:13] 8abf4d4f-f974-4499-896d-7251a1b77888  Tortellini Soup  focal=(49%,31%)  -> https://oruplzhfmtehsjbnsoms.supabase.co/storage/v1/object/public/recipe-images/
[2026-05-19 13:02:28] 53063434-2844-4a2b-ac96-b927b92e000b  Ofengeröstete Paprikapasta  focal=(56%,53%)  -> https://oruplzhfmtehsjbnsoms.supabase.co/storage/v1/object/public/recipe-images/
[2026-05-19 13:03:27] 6107c2d0-9713-4f9b-9b25-33360bc44c1c  Cookie Dough Balls  focal=(40%,52%)  -> https://oruplzhfmtehsjbnsoms.supabase.co/storage/v1/object/public/recipe-images/
[2026-05-19 13:03:55] dcb4f6ab-eb83-4582-bbb8-b8652bb9e218  Strawberry Frozen Yogurt Bars  focal=(54%,68%)  -> https://oruplzhfmtehsjbnsoms.supabase.co/storage/v1/object/public/recipe-images/
[2026-05-19 13:04:25] 10f5b7d0-6def-4c34-9578-e78e1b1fb467  Mac and Cheese  focal=(38%,32%)  -> https://oruplzhfmtehsjbnsoms.supabase.co/storage/v1/object/public/recipe-images/
[2026-05-19 13:05:01] 32c46ab0-1a90-4ff1-972a-1d5d066cac1c  Crispy Garlic Lemon Herb Potatoes  focal=(56%,40%)  -> https://oruplzhfmtehsjbnsoms.supabase.co/storage/v1/object/public/recipe-images/
[2026-05-19 13:05:27] 3c36e918-f201-44a6-91a3-73d4d26858eb  Pilz Gulasch  focal=(46%,34%)  -> https://oruplzhfmtehsjbnsoms.supabase.co/storage/v1/object/public/recipe-images/
[2026-05-19 13:06:12] cb177600-42c0-4617-ab34-8a265629137b  Cinnamon Swirl Banana Bread  focal=(58%,58%)  -> https://oruplzhfmtehsjbnsoms.supabase.co/storage/v1/object/public/recipe-images/
[2026-05-19 13:06:57] 8506d4cb-b4be-4e9e-b09d-e01bce873eea  Gluten, Dairy and Refined Sugar Free Brownies  focal=(49%,39%)  -> https://oruplzhfmtehsjbnsoms.supabase.co/storage/v1/object/public/recipe-images/
[2026-05-19 13:07:47] 20225587-7e10-451f-843e-5ccd4d512fb2  Brown Lentil Tofu Shawarma  focal=(41%,56%)  -> https://oruplzhfmtehsjbnsoms.supabase.co/storage/v1/object/public/recipe-images/
[2026-05-19 13:08:38] ac674071-7b4f-43ab-9b8f-7a0d34d9d297  Beetroot Paccheri  focal=(49%,48%)  -> https://oruplzhfmtehsjbnsoms.supabase.co/storage/v1/object/public/recipe-images/
[2026-05-19 13:09:32] dc2192bd-7921-453a-b1d1-292b60f92d49  No-Bake Chocolate Tofu Pie  focal=(54%,33%)  -> https://oruplzhfmtehsjbnsoms.supabase.co/storage/v1/object/public/recipe-images/
[2026-05-19 13:11:03] d1beea66-80bb-45c0-8087-49ff8808892f  Vegan Linzer Cookies  focal=(47%,41%)  -> https://oruplzhfmtehsjbnsoms.supabase.co/storage/v1/object/public/recipe-images/
[2026-05-19 13:11:54] f890419e-bc0d-4c51-9470-b2d69a04f572  Lemon Crinkle Cookies  focal=(45%,60%)  -> https://oruplzhfmtehsjbnsoms.supabase.co/storage/v1/object/public/recipe-images/
[2026-05-19 13:12:47] e9948da6-a6b2-4bf5-a137-555c9e9a2168  Korean Freezer Recipe  focal=(50%,56%)  -> https://oruplzhfmtehsjbnsoms.supabase.co/storage/v1/object/public/recipe-images/
[2026-05-19 13:13:14] 66622b2f-3f20-43ff-b4d5-c7780d4bd822  Instagram Recipe  focal=(44%,31%)  -> https://oruplzhfmtehsjbnsoms.supabase.co/storage/v1/object/public/recipe-images/
[2026-05-19 13:13:32] d8337b78-fc74-4c93-af00-cfa8f9c8e6bb  Creamy Cauliflower Tahini Soup  focal=(44%,49%)  -> https://oruplzhfmtehsjbnsoms.supabase.co/storage/v1/object/public/recipe-images/
[2026-05-19 13:14:22] 3f90d09f-1cfc-4a57-94c1-bb4b25aa0058  Crispy Tofu  focal=(40%,57%)  -> https://oruplzhfmtehsjbnsoms.supabase.co/storage/v1/object/public/recipe-images/
[2026-05-19 13:14:59] 1003e96b-3328-4e62-a5cf-74f7e94edf21  Easy Ruccola Hack  focal=(54%,39%)  -> https://oruplzhfmtehsjbnsoms.supabase.co/storage/v1/object/public/recipe-images/
[2026-05-19 13:15:29] c8b9445c-5406-4bdc-9606-aa680088978a  Eggless Vegan Crêpes  focal=(54%,56%)  -> https://oruplzhfmtehsjbnsoms.supabase.co/storage/v1/object/public/recipe-images/
[2026-05-19 13:16:25] 78c7caf7-dd32-47e5-955e-c41412bb74ed  Hazelnut Swirl Slice  focal=(65%,44%)  -> https://oruplzhfmtehsjbnsoms.supabase.co/storage/v1/object/public/recipe-images/
[2026-05-19 13:17:03] ec1d66d3-fb47-491a-a8fb-dee5913a6fe5  2 Ingredient Onion Ring Chips  focal=(49%,47%)  -> https://oruplzhfmtehsjbnsoms.supabase.co/storage/v1/object/public/recipe-images/
[2026-05-19 13:17:29] 8f744380-3cfb-4ab3-9a24-f27e7cc8c76f  Homemade Vegan Almond Croissants  focal=(54%,61%)  -> https://oruplzhfmtehsjbnsoms.supabase.co/storage/v1/object/public/recipe-images/
[2026-05-19 13:18:22] 347c5b83-8bd1-4b6e-a151-312a1d6c9ba2  Burger Bowls  focal=(53%,49%)  -> https://oruplzhfmtehsjbnsoms.supabase.co/storage/v1/object/public/recipe-images/
[2026-05-19 13:18:53] 1a8032dd-4cd6-4845-807d-8651dcc8ccfa  Cauliflower Alfredo Pasta  focal=(57%,49%)  -> https://oruplzhfmtehsjbnsoms.supabase.co/storage/v1/object/public/recipe-images/
[2026-05-19 13:19:47] 3968ef62-34cc-4209-a581-fe90ec75d170  Wild Garlic Soup  focal=(44%,50%)  -> https://oruplzhfmtehsjbnsoms.supabase.co/storage/v1/object/public/recipe-images/
[2026-05-19 13:20:16] d7bf22e5-159f-4f7d-a501-24e2b08cc110  Jennifer Garner's Salad  focal=(45%,32%)  -> https://oruplzhfmtehsjbnsoms.supabase.co/storage/v1/object/public/recipe-images/
[2026-05-19 13:21:07] 7000cc0a-57fe-4ce4-8c20-fe3911d1eb05  Gochujang Cauliflower Wings  focal=(44%,53%)  -> https://oruplzhfmtehsjbnsoms.supabase.co/storage/v1/object/public/recipe-images/
[2026-05-19 13:21:40] 167f5374-397f-4fcc-9204-f855dc5066fd  Top 5 Recipes Collection  focal=(55%,68%)  -> https://oruplzhfmtehsjbnsoms.supabase.co/storage/v1/object/public/recipe-images/
[2026-05-19 13:22:10] 167ea464-7da6-44d5-a213-201b44b252d0  Marry Me Orzo  focal=(56%,59%)  -> https://oruplzhfmtehsjbnsoms.supabase.co/storage/v1/object/public/recipe-images/
[2026-05-19 13:22:31] 1213c147-0d0f-403b-932e-b87f12f93ff6  American Baking Substitutes Guide  focal=(53%,25%)  -> https://oruplzhfmtehsjbnsoms.supabase.co/storage/v1/object/public/recipe-images/
[2026-05-19 13:23:08] 02625a01-10f5-4cbf-b170-1506b8ff0950  Veggie Balls  focal=(71%,50%)  -> https://oruplzhfmtehsjbnsoms.supabase.co/storage/v1/object/public/recipe-images/
[2026-05-19 13:23:42] 7aa94c53-5475-46da-a81a-290208e26440  Plant-Based Spicy Chicken Sandwich  focal=(34%,35%)  -> https://oruplzhfmtehsjbnsoms.supabase.co/storage/v1/object/public/recipe-images/
[2026-05-19 13:24:22] 0a8a32b4-91a7-4f38-aec5-4c84c2a9ee45  Walnuss Hack  focal=(43%,64%)  -> https://oruplzhfmtehsjbnsoms.supabase.co/storage/v1/object/public/recipe-images/
[2026-05-19 13:25:35] 10a2b70e-08ca-463f-a256-996ab12ab0b2  Mushroom Shawarma  focal=(61%,48%)  -> https://oruplzhfmtehsjbnsoms.supabase.co/storage/v1/object/public/recipe-images/
[2026-05-19 13:26:14] 597b2fa1-2269-40ef-840e-9b44b555c616  Butter Chickpea Curry  focal=(43%,32%)  -> https://oruplzhfmtehsjbnsoms.supabase.co/storage/v1/object/public/recipe-images/
[2026-05-19 13:27:41] 79fa8b6c-0735-455c-a4d6-7ade1af4e9a0  Warm Brussels Sprouts Salad  focal=(38%,39%)  -> https://oruplzhfmtehsjbnsoms.supabase.co/storage/v1/object/public/recipe-images/
[2026-05-19 13:28:15] c53f55ad-d282-4af1-9150-c2bd910371f7  Bakery Style Muffins  focal=(54%,35%)  -> https://oruplzhfmtehsjbnsoms.supabase.co/storage/v1/object/public/recipe-images/
[2026-05-19 13:30:40] c4725e58-156b-41c0-9b1a-7cd1bd90fd31  Peach Sweet Tea  focal=(44%,42%)  -> https://oruplzhfmtehsjbnsoms.supabase.co/storage/v1/object/public/recipe-images/
[2026-05-19 13:31:29] 89e06214-62ca-4a25-80b3-3a6f3e11fb6d  Blended Chocolate Chia Pudding  focal=(56%,61%)  -> https://oruplzhfmtehsjbnsoms.supabase.co/storage/v1/object/public/recipe-images/
[2026-05-19 13:32:04] de87fdaf-4305-488c-821a-90b1048666ac  Roasted Garlic and Onion Soup  focal=(50%,47%)  -> https://oruplzhfmtehsjbnsoms.supabase.co/storage/v1/object/public/recipe-images/
[2026-05-19 13:32:38] 490844b4-5d08-4ac5-921f-e35073967eec  Crispy Rice Salad  focal=(56%,55%)  -> https://oruplzhfmtehsjbnsoms.supabase.co/storage/v1/object/public/recipe-images/
[2026-05-19 13:33:36] d7bca22e-56c6-4a17-988b-8c86674a408e  High Protein Mega Lasagne  focal=(34%,43%)  -> https://oruplzhfmtehsjbnsoms.supabase.co/storage/v1/object/public/recipe-images/
[2026-05-19 13:35:11] 0d468374-9e93-4bff-858b-8d72daceff21  Lemon Chantilly Cake  focal=(61%,48%)  -> https://oruplzhfmtehsjbnsoms.supabase.co/storage/v1/object/public/recipe-images/
[2026-05-19 13:36:04] 9ca54867-97fe-4825-a9d5-609e24bc4cd6  Tofu Hackbällchen nach Keftedes Art  focal=(48%,72%)  -> https://oruplzhfmtehsjbnsoms.supabase.co/storage/v1/object/public/recipe-images/
[2026-05-19 13:36:26] d5459161-32ab-4985-a57b-053a690ea1a5  Instagram Recipe  focal=(54%,37%)  -> https://oruplzhfmtehsjbnsoms.supabase.co/storage/v1/object/public/recipe-images/
[2026-05-19 13:36:47] 47890cb5-c368-4480-971f-142da8095894  Vegan Peach Cobbler Muffins  focal=(53%,34%)  -> https://oruplzhfmtehsjbnsoms.supabase.co/storage/v1/object/public/recipe-images/
[2026-05-19 13:37:10] eec63b90-c1cc-4a30-88a1-ac16914ed915  Moist One Bowl Vegan Pistachio Cake  focal=(45%,61%)  -> https://oruplzhfmtehsjbnsoms.supabase.co/storage/v1/object/public/recipe-images/
[2026-05-19 13:37:44] a6c5b310-38e8-41e7-93b3-e9b6dd78b8ba  Junk Food Made Better Collection  focal=(57%,52%)  -> https://oruplzhfmtehsjbnsoms.supabase.co/storage/v1/object/public/recipe-images/
[2026-05-19 13:38:31] 98485400-2415-4d7d-9e37-2d79e37ad588  Msemmen (Moroccan Flatbread)  focal=(36%,25%)  -> https://oruplzhfmtehsjbnsoms.supabase.co/storage/v1/object/public/recipe-images/
[2026-05-19 13:39:21] 57c7004b-ce31-453f-b65e-5158d5078264  Pesto  focal=(55%,45%)  -> https://oruplzhfmtehsjbnsoms.supabase.co/storage/v1/object/public/recipe-images/
[2026-05-19 13:39:57] 403d6267-ba4d-4f3f-8e52-334fbe116846  Smoothie Cubes  focal=(56%,61%)  -> https://oruplzhfmtehsjbnsoms.supabase.co/storage/v1/object/public/recipe-images/
[2026-05-19 13:40:29] 64dcb36a-5234-4d24-934c-9ad25290bcdf  Peanut Butter Ramen Noodles  focal=(46%,51%)  -> https://oruplzhfmtehsjbnsoms.supabase.co/storage/v1/object/public/recipe-images/
[2026-05-19 13:41:28] c3692155-9b78-41fa-9605-04d8aacb83d2  Vegan Kaiserschmarren  focal=(65%,48%)  -> https://oruplzhfmtehsjbnsoms.supabase.co/storage/v1/object/public/recipe-images/
[2026-05-19 13:42:52] be02c1d6-e31a-4585-b6f3-0e04a035e686  Cookie Dough Baking Hack  focal=(52%,52%)  -> https://oruplzhfmtehsjbnsoms.supabase.co/storage/v1/object/public/recipe-images/
[2026-05-19 13:43:35] 2d60840c-08ab-4321-812a-6b62e1e637df  Cannellini Beans in Cherry Tomato Sauce  focal=(48%,17%)  -> https://oruplzhfmtehsjbnsoms.supabase.co/storage/v1/object/public/recipe-images/
[2026-05-19 13:43:55] 911dd370-e1b0-43ba-8cf0-ff4d30193b9c  Orzo Harvest Salad  focal=(51%,74%)  -> https://oruplzhfmtehsjbnsoms.supabase.co/storage/v1/object/public/recipe-images/
[2026-05-19 13:44:44] 2650e778-74ab-48d2-afb1-d76de1a2edff  Crispy Tofu Katsu Burger  focal=(54%,41%)  -> https://oruplzhfmtehsjbnsoms.supabase.co/storage/v1/object/public/recipe-images/
[2026-05-19 13:45:03] 5201a8d7-cab5-492f-9d98-65100caf86be  Vegan Triple Berry Crumble Bars  focal=(48%,56%)  -> https://oruplzhfmtehsjbnsoms.supabase.co/storage/v1/object/public/recipe-images/
[2026-05-19 13:45:33] 0460dae6-7e3c-4cac-b5ef-f978360c9da1  Roasted Potatoes with Fresh Salad  focal=(47%,66%)  -> https://oruplzhfmtehsjbnsoms.supabase.co/storage/v1/object/public/recipe-images/
[2026-05-19 13:47:20] efeb94b7-f68c-408c-b652-cd0b42a74ab6  Crispy Potato Lentil Taco Bowl  focal=(33%,48%)  -> https://oruplzhfmtehsjbnsoms.supabase.co/storage/v1/object/public/recipe-images/
[2026-05-19 13:47:54] b34baa04-6281-47b4-90cd-a0d67395f016  Chocolate Covered Strawberry Cheesecake  focal=(30%,52%)  -> https://oruplzhfmtehsjbnsoms.supabase.co/storage/v1/object/public/recipe-images/
[2026-05-19 13:48:31] a70f3486-9267-49fc-8d80-a769761a7dae  No Bake Caramel Brownie Bars  focal=(50%,42%)  -> https://oruplzhfmtehsjbnsoms.supabase.co/storage/v1/object/public/recipe-images/
[2026-05-19 13:48:55] aae4dd6f-7d31-424e-9e6d-1837536ac935  Mousse au Chocolat  focal=(44%,41%)  -> https://oruplzhfmtehsjbnsoms.supabase.co/storage/v1/object/public/recipe-images/
[2026-05-19 13:49:24] bd6cbf69-fce1-4908-b165-30f212ce9857  Italian Vegetable Schiacciata  focal=(45%,51%)  -> https://oruplzhfmtehsjbnsoms.supabase.co/storage/v1/object/public/recipe-images/
[2026-05-19 13:49:54] fab00282-cd7e-427c-a340-191e2d2ba3b5  Berliner  focal=(26%,62%)  -> https://oruplzhfmtehsjbnsoms.supabase.co/storage/v1/object/public/recipe-images/
[2026-05-19 13:50:25] ccb4e20a-3ab6-430a-83a8-36aac5a66dd5  Puddingkuchen mit Streusel  focal=(45%,55%)  -> https://oruplzhfmtehsjbnsoms.supabase.co/storage/v1/object/public/recipe-images/
[2026-05-19 13:51:04] cfc28d8e-53ee-4114-83f7-d340900b5b4b  Classic Hummus with Crispy Chickpeas  focal=(53%,33%)  -> https://oruplzhfmtehsjbnsoms.supabase.co/storage/v1/object/public/recipe-images/
[2026-05-19 13:51:36] 165863ec-1803-4f89-87f5-49ff770c9907  Creamy Sun-Dried Tomato and Spinach Orzo  focal=(43%,57%)  -> https://oruplzhfmtehsjbnsoms.supabase.co/storage/v1/object/public/recipe-images/
[2026-05-19 13:51:54] d0d8d9ff-17b7-4a5c-8599-4131dcdc2592  Quinoa Crunch Bars  focal=(68%,61%)  -> https://oruplzhfmtehsjbnsoms.supabase.co/storage/v1/object/public/recipe-images/
[2026-05-19 13:52:22] 66dc8100-5c25-4b1a-99a4-405ca2d62a4d  Lebanese Toum  focal=(49%,40%)  -> https://oruplzhfmtehsjbnsoms.supabase.co/storage/v1/object/public/recipe-images/
[2026-05-19 13:52:59] 48b3f74b-53d7-4899-b135-14cbbefacab1  Creamy Nduja Tomato Risotto  focal=(46%,54%)  -> https://oruplzhfmtehsjbnsoms.supabase.co/storage/v1/object/public/recipe-images/
[2026-05-19 13:53:55] 4f79e8d6-81d8-4c7e-a529-dc5169d5ca9a  Vegan Fudge Ferrero Rocher  focal=(54%,60%)  -> https://oruplzhfmtehsjbnsoms.supabase.co/storage/v1/object/public/recipe-images/
[2026-05-19 13:54:36] a62c6d2d-286e-480d-b9b1-86995719160a  Green Goddess Dip  focal=(50%,42%)  -> https://oruplzhfmtehsjbnsoms.supabase.co/storage/v1/object/public/recipe-images/
[2026-05-19 13:55:14] 9caa2ee8-7de3-4712-aaf9-c13e276f6de4  Beetroot Butter Bean Pasta  focal=(48%,45%)  -> https://oruplzhfmtehsjbnsoms.supabase.co/storage/v1/object/public/recipe-images/
[2026-05-19 13:55:40] 926fd02b-8f6d-4277-b5fb-a4024f897877  Lemon Brownies  focal=(59%,54%)  -> https://oruplzhfmtehsjbnsoms.supabase.co/storage/v1/object/public/recipe-images/
[2026-05-19 13:56:05] b24846e2-aa3c-46a8-b387-7577f6ff8436  Quinoa Crunch Salad  focal=(49%,36%)  -> https://oruplzhfmtehsjbnsoms.supabase.co/storage/v1/object/public/recipe-images/
[2026-05-19 13:56:31] e038d43c-ed89-4407-b076-1f9ff4d5c063  Çikolata Kaplı Kalp Hurma  focal=(40%,50%)  -> https://oruplzhfmtehsjbnsoms.supabase.co/storage/v1/object/public/recipe-images/
[2026-05-19 13:56:57] 16c2cbff-158a-4c35-8df1-1aba39051f2d  Dill Pickle Pasta Salad  focal=(46%,54%)  -> https://oruplzhfmtehsjbnsoms.supabase.co/storage/v1/object/public/recipe-images/
[2026-05-19 13:58:05] e5015d76-cdf4-4f99-b537-4450cf17808d  Vegan Fried Chick'un  focal=(45%,69%)  -> https://oruplzhfmtehsjbnsoms.supabase.co/storage/v1/object/public/recipe-images/
[2026-05-19 13:58:43] 3d205f72-a659-446e-85eb-efca5ee74498  Easy Overnight Bread Rolls  focal=(57%,49%)  -> https://oruplzhfmtehsjbnsoms.supabase.co/storage/v1/object/public/recipe-images/
[2026-05-19 13:59:20] da97583c-c346-4b13-af4e-6a77ddccc3ad  Loaded Harissa Chickpea Shirazi Pittas  focal=(46%,55%)  -> https://oruplzhfmtehsjbnsoms.supabase.co/storage/v1/object/public/recipe-images/
[2026-05-19 13:59:47] 2d31a95b-764f-4b18-a637-7906aa103c80  Mini Biscoff Cheesecakes  focal=(54%,45%)  -> https://oruplzhfmtehsjbnsoms.supabase.co/storage/v1/object/public/recipe-images/
[2026-05-19 14:00:06] a6b0215a-6a3e-4dbf-8278-7be43b9477b7  Roasted Asparagus, Beetroot & Butter Bean Salad  focal=(38%,36%)  -> https://oruplzhfmtehsjbnsoms.supabase.co/storage/v1/object/public/recipe-images/
[2026-05-19 14:01:12] 428fdb45-a44a-4737-8677-1c55e4525042  Chilli Oil and Miso Mushroom Ragu  focal=(51%,56%)  -> https://oruplzhfmtehsjbnsoms.supabase.co/storage/v1/object/public/recipe-images/
[2026-05-19 14:01:34] 4a3a5b13-e1c2-451f-a921-728f1c2898b9  Pasta in High Protein Schinken Käse Sahne Soße  focal=(58%,49%)  -> https://oruplzhfmtehsjbnsoms.supabase.co/storage/v1/object/public/recipe-images/
[2026-05-19 14:02:10] 62decaa3-71d1-4334-bc1f-aa1c0c4e09a0  Crispy Aubergine Sando  focal=(60%,49%)  -> https://oruplzhfmtehsjbnsoms.supabase.co/storage/v1/object/public/recipe-images/
[2026-05-19 14:03:02] a51636b9-d2a2-4c05-8fbc-682db56774fd  Roasted Pumpkin Seeds  focal=(53%,65%)  -> https://oruplzhfmtehsjbnsoms.supabase.co/storage/v1/object/public/recipe-images/
[2026-05-19 14:03:25] 06158fc6-5076-4b1b-aa4a-b74b41b8be34  Buttergemüsenudeln  focal=(60%,33%)  -> https://oruplzhfmtehsjbnsoms.supabase.co/storage/v1/object/public/recipe-images/
[2026-05-19 14:03:48] 46995cf8-c670-4f83-a32c-c5b1492fb43b  Frozen Banana Yogurt Bites  focal=(50%,70%)  -> https://oruplzhfmtehsjbnsoms.supabase.co/storage/v1/object/public/recipe-images/
[2026-05-19 14:05:34] d536383b-05ef-4c8f-a641-4d8a245a32cb  Plant-Based Soy Tahini Tofu Noodles  focal=(48%,40%)  -> https://oruplzhfmtehsjbnsoms.supabase.co/storage/v1/object/public/recipe-images/
[2026-05-19 14:06:30] d11f15a8-44a8-4212-a86c-aed5aec10ece  Chimichurri Tofu Sando  focal=(52%,36%)  -> https://oruplzhfmtehsjbnsoms.supabase.co/storage/v1/object/public/recipe-images/
[2026-05-19 14:07:18] 3a82aaca-b4c5-480b-844b-b04b1a349084  Roasted Tomato Burrata Dip with Garlic Bread Dippers  focal=(63%,48%)  -> https://oruplzhfmtehsjbnsoms.supabase.co/storage/v1/object/public/recipe-images/
[2026-05-19 14:08:02] ff48b4d3-cf53-41ca-8bbf-ae6f870f41b0  Vegan Spinach and Chickpea Pesto Salad  focal=(48%,42%)  -> https://oruplzhfmtehsjbnsoms.supabase.co/storage/v1/object/public/recipe-images/
[2026-05-19 14:09:31] 68f78e84-2a3c-4a37-b0ce-0254cc14cffc  Healthy Mexican Nacho Bowl  focal=(43%,66%)  -> https://oruplzhfmtehsjbnsoms.supabase.co/storage/v1/object/public/recipe-images/
[2026-05-19 14:10:09] 3df81c7f-bac4-466f-ba4e-0c719b2f96f9  Smoky Mediterranean Orzo  focal=(41%,52%)  -> https://oruplzhfmtehsjbnsoms.supabase.co/storage/v1/object/public/recipe-images/
[2026-05-19 14:11:10] f0b7bdda-c935-4848-bc19-d7f1adc9cd0f  Triple Tofu Lasagna  focal=(39%,41%)  -> https://oruplzhfmtehsjbnsoms.supabase.co/storage/v1/object/public/recipe-images/
[2026-05-19 14:13:20] 2ccf919b-d318-4df7-803c-d2bcc58e0077  Vegan Chocolate Hazelnut Mousse  focal=(49%,44%)  -> https://oruplzhfmtehsjbnsoms.supabase.co/storage/v1/object/public/recipe-images/
[2026-05-19 14:14:13] 260efe00-1ceb-4b9e-b9ba-a13b8f2c2f14  Warmer Halloumi-Spinat-Salat mit gerösteter Paprika, Granata  focal=(54%,27%)  -> https://oruplzhfmtehsjbnsoms.supabase.co/storage/v1/object/public/recipe-images/
[2026-05-19 14:15:33] 81de2b10-2ffb-4712-87f2-5bdfd71f5205  Caramelized Onion and Garlic Spaghetti  focal=(54%,29%)  -> https://oruplzhfmtehsjbnsoms.supabase.co/storage/v1/object/public/recipe-images/
[2026-05-19 14:16:31] 2d5c81fe-8df9-4617-9724-99cbbe13f349  Tofu Tikka Wrap  focal=(50%,53%)  -> https://oruplzhfmtehsjbnsoms.supabase.co/storage/v1/object/public/recipe-images/
[2026-05-19 14:16:56] 40d96393-a4a1-4eed-ace7-bd7d9b78ebbd  Gefüllte Brownie Balls  focal=(39%,50%)  -> https://oruplzhfmtehsjbnsoms.supabase.co/storage/v1/object/public/recipe-images/
[2026-05-19 14:17:36] ac0eeaa8-de89-4ae7-8717-9573978f8d2b  Vegane Giotto  focal=(52%,25%)  -> https://oruplzhfmtehsjbnsoms.supabase.co/storage/v1/object/public/recipe-images/
[2026-05-19 14:18:06] 6a3f38d9-c1dc-4eaf-a534-03807e019fdb  Schokomousse  focal=(54%,54%)  -> https://oruplzhfmtehsjbnsoms.supabase.co/storage/v1/object/public/recipe-images/
[2026-05-19 14:19:53] 60efa596-61b4-4ac1-a2ed-c17c82a656ca  Instagram Recipe  focal=(47%,64%)  -> https://oruplzhfmtehsjbnsoms.supabase.co/storage/v1/object/public/recipe-images/
[2026-05-19 14:21:24] 544cf2fc-4c76-43c4-b710-3cf47b2df10f  Truffled Cauli Cheese & Leeks with Crunchy Crisp Crumb  focal=(41%,42%)  -> https://oruplzhfmtehsjbnsoms.supabase.co/storage/v1/object/public/recipe-images/
[2026-05-19 14:22:32] 9694f057-420d-41d5-8f05-2841bc517e4c  No Tofu Vegan Egg  focal=(45%,29%)  -> https://oruplzhfmtehsjbnsoms.supabase.co/storage/v1/object/public/recipe-images/
[2026-05-19 14:24:38] bbc5c911-7aac-46bc-8bf2-1715c8ef00f5  Brown Butter Apple Crumble Cheesecake  focal=(52%,71%)  -> https://oruplzhfmtehsjbnsoms.supabase.co/storage/v1/object/public/recipe-images/
[2026-05-19 14:27:55] 9132a9f6-8145-4324-8d89-55963bb01e57  Kleine Burger  focal=(45%,72%)  -> https://oruplzhfmtehsjbnsoms.supabase.co/storage/v1/object/public/recipe-images/
[2026-05-19 14:30:10] 8d306d98-9bd7-467b-8e9f-a618ba0c1f10  Apple Crumble  focal=(42%,59%)  -> https://oruplzhfmtehsjbnsoms.supabase.co/storage/v1/object/public/recipe-images/
[2026-05-19 14:30:38] 19f99a42-5967-44a2-9d28-69262ed0bb4e  Salted Caramel Energy Bites  focal=(48%,28%)  -> https://oruplzhfmtehsjbnsoms.supabase.co/storage/v1/object/public/recipe-images/
[2026-05-19 14:31:32] 0dff1eca-0a04-458a-bcd0-9482ae26b417  Crispy Black Bean Tacos  focal=(33%,41%)  -> https://oruplzhfmtehsjbnsoms.supabase.co/storage/v1/object/public/recipe-images/
[2026-05-19 14:33:02] a362d2f0-0ad5-40ee-9635-70945cec1679  Smokey Caramelised Onion Pasta with Tiba Tempeh Crumb  focal=(50%,36%)  -> https://oruplzhfmtehsjbnsoms.supabase.co/storage/v1/object/public/recipe-images/
[2026-05-19 14:33:35] 3ac47e91-fb57-4601-9d36-b5df031f666f  Mediterraner Kartoffelsalat  focal=(53%,56%)  -> https://oruplzhfmtehsjbnsoms.supabase.co/storage/v1/object/public/recipe-images/
[2026-05-19 14:34:36] d2e1aa79-fbbf-4f8b-84f7-24e4b8752a83  Bean Salad  focal=(51%,45%)  -> https://oruplzhfmtehsjbnsoms.supabase.co/storage/v1/object/public/recipe-images/
[2026-05-19 14:34:57] c8f02dac-29af-4c16-8489-68ed05242352  Creamy Peanut Miso Ramen  focal=(48%,33%)  -> https://oruplzhfmtehsjbnsoms.supabase.co/storage/v1/object/public/recipe-images/
[2026-05-19 14:35:12] 86c64d0a-d34c-4145-a394-ce445e51e32c  Air Fryer Gnocchi  focal=(41%,38%)  -> https://oruplzhfmtehsjbnsoms.supabase.co/storage/v1/object/public/recipe-images/
[2026-05-19 14:35:49] b229d6b7-ff5d-42ef-93f0-22261b2e6a10  Schoko-Brezel-Splitter mit Himbeerstücken  focal=(61%,49%)  -> https://oruplzhfmtehsjbnsoms.supabase.co/storage/v1/object/public/recipe-images/
[2026-05-19 14:36:12] b26a758f-b959-481b-afc5-c8962b613026  Vegan Lemon Muffins  focal=(30%,63%)  -> https://oruplzhfmtehsjbnsoms.supabase.co/storage/v1/object/public/recipe-images/
[2026-05-19 14:37:56] f42caec0-64ce-482e-87d0-040e86a8c5bc  Honey Ginger Tofu Meatballs  focal=(45%,50%)  -> https://oruplzhfmtehsjbnsoms.supabase.co/storage/v1/object/public/recipe-images/
[2026-05-19 14:38:47] 1b2504eb-c478-44f9-bc61-4d46f3ba3e0c  Vegan Mayonnaise  focal=(45%,39%)  -> https://oruplzhfmtehsjbnsoms.supabase.co/storage/v1/object/public/recipe-images/
[2026-05-19 14:39:31] 14130163-4c4f-4520-816c-13f6f03724ca  2 Ingredient Sunflower Seed Wraps  focal=(41%,50%)  -> https://oruplzhfmtehsjbnsoms.supabase.co/storage/v1/object/public/recipe-images/
[2026-05-19 14:40:24] ebce9a75-dadb-48e4-acc4-e5046a91bcfb  Falafel Wrap  focal=(50%,43%)  -> https://oruplzhfmtehsjbnsoms.supabase.co/storage/v1/object/public/recipe-images/
[2026-05-19 14:41:12] 4b2cec15-33a1-4f90-81f0-48b7bb488d02  15 Minuten Tomaten Reis  focal=(43%,52%)  -> https://oruplzhfmtehsjbnsoms.supabase.co/storage/v1/object/public/recipe-images/
[2026-05-19 14:41:48] 59e91db8-e5bb-46d7-a96f-0ba63d567bcc  Jacques Torres Chocolate Chip Cookies  focal=(49%,64%)  -> https://oruplzhfmtehsjbnsoms.supabase.co/storage/v1/object/public/recipe-images/
[2026-05-19 14:43:13] acb98f33-ad06-490a-9db3-fa981592ca96  Biscoff & Banana Meal Prep Baked Oats  focal=(50%,58%)  -> https://oruplzhfmtehsjbnsoms.supabase.co/storage/v1/object/public/recipe-images/
[2026-05-19 14:45:42] 785ace6d-dff5-444c-b983-37d57a9d2eea  Plant Based Baby-Led Weaning Meals  focal=(52%,73%)  -> https://oruplzhfmtehsjbnsoms.supabase.co/storage/v1/object/public/recipe-images/
[2026-05-19 14:47:01] a58dc122-379b-42c5-ae86-1bfe307aa5a0  Plant-Based Spinach Dip  focal=(52%,53%)  -> https://oruplzhfmtehsjbnsoms.supabase.co/storage/v1/object/public/recipe-images/
[2026-05-19 14:48:08] d4351a2c-fac3-4808-9c34-d892225766ef  Chili and Tahini Butternut Squash Orzo  focal=(53%,54%)  -> https://oruplzhfmtehsjbnsoms.supabase.co/storage/v1/object/public/recipe-images/
[2026-05-19 14:49:31] ad2af102-e8d5-40bf-b7f3-43a4d7883ad1  Veganer Parmesan zum Reiben  focal=(49%,38%)  -> https://oruplzhfmtehsjbnsoms.supabase.co/storage/v1/object/public/recipe-images/
[2026-05-19 14:50:29] e8e24f42-61df-4834-a1c6-fd4f07f4709f  Tofu Burrata  focal=(38%,53%)  -> https://oruplzhfmtehsjbnsoms.supabase.co/storage/v1/object/public/recipe-images/
[2026-05-19 14:51:35] 2e765c4b-b775-4567-9b6e-56d6720c9ead  Dill Pickle Hummus  focal=(47%,32%)  -> https://oruplzhfmtehsjbnsoms.supabase.co/storage/v1/object/public/recipe-images/
[2026-05-19 14:52:56] e19f044e-3098-43b4-83a3-d6db262e19d9  Stuffed Onions with Middle Eastern Flavours  focal=(55%,61%)  -> https://oruplzhfmtehsjbnsoms.supabase.co/storage/v1/object/public/recipe-images/
[2026-05-19 14:53:29] e10714a7-3851-4011-a69d-0f9dd9e3817c  No Tofu Vegan Egg  focal=(45%,37%)  -> https://oruplzhfmtehsjbnsoms.supabase.co/storage/v1/object/public/recipe-images/
[2026-05-19 14:54:32] e09d7da0-37d4-4ed5-9cbc-2fc8e2210451  Nasi Goreng  focal=(56%,44%)  -> https://oruplzhfmtehsjbnsoms.supabase.co/storage/v1/object/public/recipe-images/
[2026-05-19 14:55:10] 7607b26c-e780-4550-8b7b-70c0a75ddd84  Knuspriger Apfel Streusel X saftige Zimtschnecken  focal=(38%,47%)  -> https://oruplzhfmtehsjbnsoms.supabase.co/storage/v1/object/public/recipe-images/
[2026-05-19 14:55:38] 31998d7d-d7df-42f1-9daf-48aa969b36ad  Silky NO BAKE Vegan Peanut Butter Pie  focal=(53%,72%)  -> https://oruplzhfmtehsjbnsoms.supabase.co/storage/v1/object/public/recipe-images/
[2026-05-19 14:56:20] c76995df-9539-42ac-b18a-62623b40576f  High-Protein Mac and Cheese  focal=(54%,51%)  -> https://oruplzhfmtehsjbnsoms.supabase.co/storage/v1/object/public/recipe-images/
[2026-05-19 14:57:01] c7e9de06-c2f1-4610-a1c6-a94042e4dc5a  Bircher-Müsli  focal=(46%,45%)  -> https://oruplzhfmtehsjbnsoms.supabase.co/storage/v1/object/public/recipe-images/
[2026-05-19 14:58:04] 072ee947-8108-4ab0-a58f-14e726c9f449  Chocolate & Peanut Butter Silken Tofu Mousse  focal=(48%,65%)  -> https://oruplzhfmtehsjbnsoms.supabase.co/storage/v1/object/public/recipe-images/
[2026-05-19 14:58:59] 4e5979d5-93d4-49cd-af28-8bc63ed2a51f  Roasted Vegetable and Smoked Tofu Soup  focal=(48%,40%)  -> https://oruplzhfmtehsjbnsoms.supabase.co/storage/v1/object/public/recipe-images/
[2026-05-19 14:59:46] 3a19abd4-e6a7-45fd-bc44-e7a700d88386  Raspberry Overnight Oats  focal=(51%,42%)  -> https://oruplzhfmtehsjbnsoms.supabase.co/storage/v1/object/public/recipe-images/
[2026-05-19 15:01:14] be14ed07-25d8-410d-bd8f-e5d2e1f53c24  Gochujang Pasta  focal=(48%,39%)  -> https://oruplzhfmtehsjbnsoms.supabase.co/storage/v1/object/public/recipe-images/
[2026-05-19 15:02:04] e3d191ae-91e7-455f-9e83-e5cab635722d  Quick One Pan High Protein Pasta  focal=(53%,43%)  -> https://oruplzhfmtehsjbnsoms.supabase.co/storage/v1/object/public/recipe-images/
[2026-05-19 15:02:31] 09aee517-2ca1-4bf6-a4f1-abc46381f089  One Bowl Moist Vegan Blueberry Buckle Cake  focal=(48%,53%)  -> https://oruplzhfmtehsjbnsoms.supabase.co/storage/v1/object/public/recipe-images/
[2026-05-19 15:03:09] 0a0755f2-87b5-4ea0-8015-85fadd488bc5  Burrata Tomato Orzo Bowl  focal=(56%,28%)  -> https://oruplzhfmtehsjbnsoms.supabase.co/storage/v1/object/public/recipe-images/
[2026-05-19 15:03:33] 0c7f6155-f3d6-44e1-8cdb-c49c19a5eb86  One Bowl Moist Vegan Lemon Blueberry Loaf  focal=(46%,68%)  -> https://oruplzhfmtehsjbnsoms.supabase.co/storage/v1/object/public/recipe-images/
[2026-05-19 15:04:08] 0a2f4a40-97a0-411c-bd70-4d7362acd8d5  Cucumbers, Tahini and Chilli Oil  focal=(41%,46%)  -> https://oruplzhfmtehsjbnsoms.supabase.co/storage/v1/object/public/recipe-images/
[2026-05-19 15:04:55] 80eb35e8-1077-4dd7-a8ce-ae8844e1fbd1  Tzatziki  focal=(60%,44%)  -> https://oruplzhfmtehsjbnsoms.supabase.co/storage/v1/object/public/recipe-images/
[2026-05-19 15:05:15] 2bbe7fcb-1af5-4267-b88e-6b5ba9738026  Biscoff Caramel Slice  focal=(49%,36%)  -> https://oruplzhfmtehsjbnsoms.supabase.co/storage/v1/object/public/recipe-images/
[2026-05-19 15:05:53] d614e0bb-aa4f-481f-9bbe-a33433068230  Homemade Cup Noodles  focal=(41%,39%)  -> https://oruplzhfmtehsjbnsoms.supabase.co/storage/v1/object/public/recipe-images/
[2026-05-19 15:06:40] 3808f481-6555-4253-9f59-ad0429d39a54  Leek and Bean Gratin  focal=(48%,76%)  -> https://oruplzhfmtehsjbnsoms.supabase.co/storage/v1/object/public/recipe-images/
[2026-05-19 15:07:26] 867eca4d-87d1-4bc0-8c56-c7eb43a9084c  Homemade Peach Ring Gummies  focal=(54%,48%)  -> https://oruplzhfmtehsjbnsoms.supabase.co/storage/v1/object/public/recipe-images/
[2026-05-19 15:08:10] ee2e2929-b3e7-4cbc-995d-a67ae3b7af07  Roasted Oyster Mushroom and Miso Cashew Cream Sandwich  focal=(49%,23%)  -> https://oruplzhfmtehsjbnsoms.supabase.co/storage/v1/object/public/recipe-images/
[2026-05-19 15:09:14] 6563bf54-97ef-4a83-85a6-a2485d5e6237  Cheesy Vegan Scalloped Potatoes  focal=(49%,60%)  -> https://oruplzhfmtehsjbnsoms.supabase.co/storage/v1/object/public/recipe-images/
[2026-05-19 15:09:38] 7a238bcc-f74f-434b-a131-be766a298fff  Blended Blueberry Chia Pudding  focal=(53%,49%)  -> https://oruplzhfmtehsjbnsoms.supabase.co/storage/v1/object/public/recipe-images/
[2026-05-19 15:10:34] 0a13a2e7-4e0d-4008-871d-58ea88eff849  Roasted Red Pepper Hummus  focal=(50%,54%)  -> https://oruplzhfmtehsjbnsoms.supabase.co/storage/v1/object/public/recipe-images/
[2026-05-19 15:11:23] eb150468-b062-4fd0-94f9-c4860b123058  Zimtzupfis  focal=(50%,58%)  -> https://oruplzhfmtehsjbnsoms.supabase.co/storage/v1/object/public/recipe-images/
[2026-05-19 15:12:19] b77cc0d0-7f42-4c1b-a1ec-d8befc73f8a0  MOIST Vegan Chocolate Fudge Cake  focal=(64%,57%)  -> https://oruplzhfmtehsjbnsoms.supabase.co/storage/v1/object/public/recipe-images/
[2026-05-19 15:13:02] c7fb6301-01ac-43f1-a26b-f86699b14316  4 Ingredient Flatbreads  focal=(48%,36%)  -> https://oruplzhfmtehsjbnsoms.supabase.co/storage/v1/object/public/recipe-images/
[2026-05-19 15:13:42] 384f0fee-7496-4c3f-9e35-e55226e0a638  Homemade Fudgsicles  focal=(30%,42%)  -> https://oruplzhfmtehsjbnsoms.supabase.co/storage/v1/object/public/recipe-images/
[2026-05-19 15:14:03] d0f270f5-3d76-4dc5-8682-910c43ea71c5  Fluffy Pancakes  focal=(47%,34%)  -> https://oruplzhfmtehsjbnsoms.supabase.co/storage/v1/object/public/recipe-images/
[2026-05-19 15:14:23] 72becfec-0f34-4ca2-a8be-8f43e1f2df5e  Mango Coconut Chocolate Ice Bars  focal=(37%,41%)  -> https://oruplzhfmtehsjbnsoms.supabase.co/storage/v1/object/public/recipe-images/
[2026-05-19 15:14:55] 82662d4e-b54b-4563-b383-924f5bafd688  Cherry Pie Sleepy Girl Mocktail  focal=(62%,55%)  -> https://oruplzhfmtehsjbnsoms.supabase.co/storage/v1/object/public/recipe-images/
[2026-05-19 15:15:19] 9ab40f5a-8660-4ebf-8dcf-009501e73042  Mediterranean Chickpea and Couscous Salad  focal=(50%,33%)  -> https://oruplzhfmtehsjbnsoms.supabase.co/storage/v1/object/public/recipe-images/
[2026-05-19 15:15:41] 74196128-0d47-4493-ad7e-4bb7182e55ef  Quinoa Tabbouleh Salad  focal=(54%,39%)  -> https://oruplzhfmtehsjbnsoms.supabase.co/storage/v1/object/public/recipe-images/
[2026-05-19 15:16:14] 4e76b26c-c0bb-4358-9d1d-13c6c56b8af7  No-Bake Chocolate Coconut Cake  focal=(63%,34%)  -> https://oruplzhfmtehsjbnsoms.supabase.co/storage/v1/object/public/recipe-images/
[2026-05-19 15:16:47] ee5f919e-79af-4659-a6ca-92babb434755  Pesto Orzo Salad  focal=(49%,45%)  -> https://oruplzhfmtehsjbnsoms.supabase.co/storage/v1/object/public/recipe-images/
[2026-05-19 15:18:22] 8e926ef3-8b3a-454a-bb0c-247081acdec6  Molten & Creamy Vegan Cookie Dough Cheesecake  focal=(53%,42%)  -> https://oruplzhfmtehsjbnsoms.supabase.co/storage/v1/object/public/recipe-images/
[2026-05-19 15:19:01] 367c3a55-80bd-4f9e-bf7b-e6f88bc28368  Apple Pie Overnight Oats  focal=(69%,47%)  -> https://oruplzhfmtehsjbnsoms.supabase.co/storage/v1/object/public/recipe-images/
[2026-05-19 15:19:27] f8977e73-d3c6-4853-8d33-296b59b27596  Mediterranean Style Black Lentil Salad  focal=(49%,52%)  -> https://oruplzhfmtehsjbnsoms.supabase.co/storage/v1/object/public/recipe-images/
[2026-05-19 15:20:02] a50158f0-ce0f-4119-a890-b03f32597b72  Mini Raspberry Cake  focal=(48%,32%)  -> https://oruplzhfmtehsjbnsoms.supabase.co/storage/v1/object/public/recipe-images/
[2026-05-19 15:20:46] a2706b98-14ff-4f07-b3ff-718669ec3d8a  French Onion Soup  focal=(53%,56%)  -> https://oruplzhfmtehsjbnsoms.supabase.co/storage/v1/object/public/recipe-images/
[2026-05-19 15:21:17] 6c484295-d6c0-4040-8e0f-a9cc93d764a6  Florence Pugh Salad  focal=(40%,37%)  -> https://oruplzhfmtehsjbnsoms.supabase.co/storage/v1/object/public/recipe-images/
[2026-05-19 15:22:09] ab278bf8-9edf-4196-95cf-48d8c1059f46  Sheet Pan Greek Bowls  focal=(49%,47%)  -> https://oruplzhfmtehsjbnsoms.supabase.co/storage/v1/object/public/recipe-images/
[2026-05-19 15:22:55] 99933fb9-6d5a-4499-b635-7d0c230644e4  One Bowl Moist Vegan Chocolate Zucchini Cake  focal=(36%,53%)  -> https://oruplzhfmtehsjbnsoms.supabase.co/storage/v1/object/public/recipe-images/
[2026-05-19 15:23:15] 311a8cb2-a2e9-4600-ad1f-eb2f92160a98  Buffalo Cauliflower Salad  focal=(45%,38%)  -> https://oruplzhfmtehsjbnsoms.supabase.co/storage/v1/object/public/recipe-images/
[2026-05-19 15:24:58] 0e97d8aa-f0fb-465b-a070-7362e8817e30  Vegan Buffalo Chicken Salad with Cashew Ranch Dressing  focal=(52%,30%)  -> https://oruplzhfmtehsjbnsoms.supabase.co/storage/v1/object/public/recipe-images/
[2026-05-19 15:25:37] 59bf9fdf-fe91-4533-826e-21c0cec4f23a  40 Clove Garlic Pasta  focal=(50%,34%)  -> https://oruplzhfmtehsjbnsoms.supabase.co/storage/v1/object/public/recipe-images/
[2026-05-19 15:26:12] d046468b-7a48-4a2e-8505-e060ebb3fb70  Crispy Chickpea Taquitos  focal=(45%,32%)  -> https://oruplzhfmtehsjbnsoms.supabase.co/storage/v1/object/public/recipe-images/
[2026-05-19 15:27:38] e8ebc9ec-c4fe-44d5-bab2-b2d775b895ba  Green Beans with Tofu Cream Cheese  focal=(51%,80%)  -> https://oruplzhfmtehsjbnsoms.supabase.co/storage/v1/object/public/recipe-images/
[2026-05-19 15:28:19] 0120c662-a37c-400f-afcd-5f7b12fad764  Vegane High Protein Falafel  focal=(51%,66%)  -> https://oruplzhfmtehsjbnsoms.supabase.co/storage/v1/object/public/recipe-images/
[2026-05-19 15:28:55] ec749a36-31e6-4d8a-be1e-a7eb5cb9fbd0  Sahne-Mousse  focal=(58%,34%)  -> https://oruplzhfmtehsjbnsoms.supabase.co/storage/v1/object/public/recipe-images/
[2026-05-19 15:30:14] 4bc4c23b-c31e-43af-8390-833f21e9a119  Homemade Cinnamon Toast Crunch Cereal  focal=(51%,64%)  -> https://oruplzhfmtehsjbnsoms.supabase.co/storage/v1/object/public/recipe-images/
[2026-05-19 15:30:41] c62ddca4-224a-492e-bf56-a86c70c6df46  Vegan High Protein Mayonnaise  focal=(51%,40%)  -> https://oruplzhfmtehsjbnsoms.supabase.co/storage/v1/object/public/recipe-images/
[2026-05-19 15:31:17] 6b9d3768-b029-43c9-af51-403ca2367a1e  Creamy Vegan Pistachio Cheesecake  focal=(52%,51%)  -> https://oruplzhfmtehsjbnsoms.supabase.co/storage/v1/object/public/recipe-images/
[2026-05-19 15:32:14] bcee5950-aefb-4b1f-b741-1b95fa66a0a9  10-Minute Spicy Chili Oil Wontons  focal=(48%,51%)  -> https://oruplzhfmtehsjbnsoms.supabase.co/storage/v1/object/public/recipe-images/
[2026-05-19 15:32:49] e9ace95b-e719-48a9-afdc-98dafcc070cf  Broccoli Cheddar Orzo  focal=(53%,31%)  -> https://oruplzhfmtehsjbnsoms.supabase.co/storage/v1/object/public/recipe-images/
[2026-05-19 15:33:24] b6bdabf6-a5d9-46eb-953f-a15b81e73858  High Protein Crispy Chili Peanut Mie-Bowl  focal=(52%,49%)  -> https://oruplzhfmtehsjbnsoms.supabase.co/storage/v1/object/public/recipe-images/
[2026-05-19 15:34:42] 71f168ee-ef30-47e0-a5b9-108e2bded04b  Vegane Toffifee ohne raffinierten Zucker  focal=(52%,65%)  -> https://oruplzhfmtehsjbnsoms.supabase.co/storage/v1/object/public/recipe-images/
[2026-05-19 15:35:36] 36bfbbb5-845b-4bf2-99fe-d588e3900d92  Spiced Potato & Tofu Sando  focal=(48%,39%)  -> https://oruplzhfmtehsjbnsoms.supabase.co/storage/v1/object/public/recipe-images/
[2026-05-19 15:36:42] 0d0972a8-2445-488e-a172-f68741c78fb8  Chipotle Breakfast Bagels  focal=(50%,46%)  -> https://oruplzhfmtehsjbnsoms.supabase.co/storage/v1/object/public/recipe-images/
[2026-05-19 15:37:24] a19c061f-5da4-4c48-86f9-6eb896fd2f87  Small Batch Vegan Almond Croissant Sweet Rolls  focal=(45%,43%)  -> https://oruplzhfmtehsjbnsoms.supabase.co/storage/v1/object/public/recipe-images/
[2026-05-19 15:38:25] 7b20231d-3788-4bcd-a496-83e0f9676c4f  No-Boil Broccoli Pasta Bake  focal=(39%,49%)  -> https://oruplzhfmtehsjbnsoms.supabase.co/storage/v1/object/public/recipe-images/
[2026-05-19 15:39:20] 4249b20f-2060-4444-a5e3-071428859644  Lemon Cheesecake Bars with Ashwagandha and Mucuna  focal=(52%,58%)  -> https://oruplzhfmtehsjbnsoms.supabase.co/storage/v1/object/public/recipe-images/
[2026-05-19 15:40:06] 2cf8fd3c-2bc1-4400-87f2-5f6ba7582381  Dan Dan style Nudeln  focal=(53%,56%)  -> https://oruplzhfmtehsjbnsoms.supabase.co/storage/v1/object/public/recipe-images/
[2026-05-19 15:40:54] a345182e-5962-49ed-8997-2fbf09ad14e5  White Chocolate Raspberry Muffins  focal=(54%,37%)  -> https://oruplzhfmtehsjbnsoms.supabase.co/storage/v1/object/public/recipe-images/
[2026-05-19 15:41:12] a3dd09b8-3a3b-4a6a-9448-7e3d057f61d9  Rhubarb Strawberry Bee Sting Cheesecake  focal=(42%,46%)  -> https://oruplzhfmtehsjbnsoms.supabase.co/storage/v1/object/public/recipe-images/
[2026-05-19 15:44:28] cd60cccf-2b77-4c6d-877a-5b983f962aec  Sesamstangen  focal=(45%,57%)  -> https://oruplzhfmtehsjbnsoms.supabase.co/storage/v1/object/public/recipe-images/
[2026-05-19 15:45:03] 63a42e78-a782-45b1-8c7a-639a19162466  Lemon Pasta with Green Asparagus and Feta  focal=(49%,74%)  -> https://oruplzhfmtehsjbnsoms.supabase.co/storage/v1/object/public/recipe-images/
[2026-05-19 15:47:42] 6a5bbcb4-e3d1-47fb-8168-f4e2904c82b7  Cherry Bakewell Loaf  focal=(37%,50%)  -> https://oruplzhfmtehsjbnsoms.supabase.co/storage/v1/object/public/recipe-images/
[2026-05-19 15:48:30] b11c81b4-c56a-4a2e-a206-0ee459293ea1  Blueberry Cheesecake Baked Oats  focal=(47%,57%)  -> https://oruplzhfmtehsjbnsoms.supabase.co/storage/v1/object/public/recipe-images/
[2026-05-19 15:49:25] 9916a15e-b95f-48b4-9bb4-10ad37320c68  Sheet Pan Burritos  focal=(38%,66%)  -> https://oruplzhfmtehsjbnsoms.supabase.co/storage/v1/object/public/recipe-images/
[2026-05-19 15:49:49] 1d3e5cfc-6abf-4a66-a487-cc9637354ac8  Vegan Frozen Yogurt  focal=(52%,52%)  -> https://oruplzhfmtehsjbnsoms.supabase.co/storage/v1/object/public/recipe-images/
[2026-05-19 15:50:21] d6d5d6c8-db7f-4db6-98ed-150528d4cc90  Passionfruit Cake  focal=(38%,39%)  -> https://oruplzhfmtehsjbnsoms.supabase.co/storage/v1/object/public/recipe-images/
[2026-05-19 15:51:10] 9a8f153e-a07f-4f77-ac19-bdc2d51c4c0d  Creamy Tofu Tempeh Bowl with Beans and Broccoli  focal=(56%,71%)  -> https://oruplzhfmtehsjbnsoms.supabase.co/storage/v1/object/public/recipe-images/
[2026-05-19 15:51:39] af806bc7-9254-4418-895c-84f9b007b941  5 Ingredient Chocolate Mousse  focal=(57%,55%)  -> https://oruplzhfmtehsjbnsoms.supabase.co/storage/v1/object/public/recipe-images/
[2026-05-19 15:52:05] 78b6d2e5-168a-4aed-85e1-9d24525081e9  Lemon Drizzle Muffins  focal=(53%,51%)  -> https://oruplzhfmtehsjbnsoms.supabase.co/storage/v1/object/public/recipe-images/
[2026-05-19 15:52:33] 560a506d-3353-4fb4-b9be-104d04623f48  Gurkensalat mit knusper Gnocchi  focal=(56%,27%)  -> https://oruplzhfmtehsjbnsoms.supabase.co/storage/v1/object/public/recipe-images/
[2026-05-19 15:53:05] b904702c-1115-4dcd-9e98-d74346266dfb  Abuela's 24hr Flu Bomb  focal=(49%,53%)  -> https://oruplzhfmtehsjbnsoms.supabase.co/storage/v1/object/public/recipe-images/
[2026-05-19 16:09:05] b3f05c89-9260-470d-bbc6-58238b477c7e  Vegan Vegetable Frittata  focal=(57%,55%)  -> https://oruplzhfmtehsjbnsoms.supabase.co/storage/v1/object/public/recipe-images/
[2026-05-19 16:09:34] 899ca3c2-6d36-4162-8a10-952d5ee07e27  Miso Peanut Ramen Bowls  focal=(48%,37%)  -> https://oruplzhfmtehsjbnsoms.supabase.co/storage/v1/object/public/recipe-images/
[2026-05-19 16:10:02] 45f91650-8755-48e3-ae4b-6416a948da8a  Microwaved Tofu  focal=(34%,33%)  -> https://oruplzhfmtehsjbnsoms.supabase.co/storage/v1/object/public/recipe-images/
[2026-05-19 16:10:39] dcc45ef1-340d-4faa-8f6c-06b60f547a9a  Zwiebel Stangen  focal=(59%,22%)  -> https://oruplzhfmtehsjbnsoms.supabase.co/storage/v1/object/public/recipe-images/
[2026-05-19 16:11:24] 51229163-e152-4f04-881d-2f197ccb67ae  Nam Khao Indian Style  focal=(59%,53%)  -> https://oruplzhfmtehsjbnsoms.supabase.co/storage/v1/object/public/recipe-images/
[2026-05-19 16:11:47] 13fcccf1-5834-4f3e-82a0-4e0589983f0f  Lentil Wraps  focal=(50%,39%)  -> https://oruplzhfmtehsjbnsoms.supabase.co/storage/v1/object/public/recipe-images/
[2026-05-19 16:12:31] 4a3465b0-c5e2-4a6e-b051-55ea17a7d110  Chipotle Tofu Wrap  focal=(47%,50%)  -> https://oruplzhfmtehsjbnsoms.supabase.co/storage/v1/object/public/recipe-images/
[2026-05-19 16:13:30] cb01f929-6503-44b9-940d-03f7d0871345  Linsen Feta Salat  focal=(51%,56%)  -> https://oruplzhfmtehsjbnsoms.supabase.co/storage/v1/object/public/recipe-images/
[2026-05-19 16:13:49] f4515e20-ceaf-4c37-918a-adec20059cd4  Blueberry Muffins  focal=(44%,46%)  -> https://oruplzhfmtehsjbnsoms.supabase.co/storage/v1/object/public/recipe-images/
[2026-05-19 16:14:27] ba58f6eb-8009-4561-b5cb-e804ffc7742c  Easy Roasted Garlic Soup  focal=(55%,44%)  -> https://oruplzhfmtehsjbnsoms.supabase.co/storage/v1/object/public/recipe-images/
[2026-05-19 16:15:12] eacbfc5e-2010-4431-aa95-8f853d86c8c8  Burnt Leeks & Beans  focal=(46%,47%)  -> https://oruplzhfmtehsjbnsoms.supabase.co/storage/v1/object/public/recipe-images/
[2026-05-19 16:15:38] b7257d91-fa70-421e-9231-5aba21b92ef4  Orange Loaf Cake  focal=(55%,38%)  -> https://oruplzhfmtehsjbnsoms.supabase.co/storage/v1/object/public/recipe-images/
[2026-05-19 16:16:54] d1780841-400e-414e-8052-01b85a82c2b1  Vegan Carbonara  focal=(34%,51%)  -> https://oruplzhfmtehsjbnsoms.supabase.co/storage/v1/object/public/recipe-images/
[2026-05-19 16:18:27] 17165584-be32-4c84-97cf-62372ff07428  Marry Me Strawberry Oatmeal Bars  focal=(57%,46%)  -> https://oruplzhfmtehsjbnsoms.supabase.co/storage/v1/object/public/recipe-images/
[2026-05-19 16:18:54] 191ec6bb-826d-46d5-af3b-b5c6187ce0e8  Vegan Gyro  focal=(50%,34%)  -> https://oruplzhfmtehsjbnsoms.supabase.co/storage/v1/object/public/recipe-images/
[2026-05-19 16:19:33] 0b2ad467-0dc1-47fd-b431-16d9bedcc130  Chocolate Brownie Baked Oats  focal=(40%,63%)  -> https://oruplzhfmtehsjbnsoms.supabase.co/storage/v1/object/public/recipe-images/
[2026-05-19 16:19:50] 45aa38fc-0d98-4dc8-a7d4-3bc0e3f060ee  Nut-Free Vegan Mozzarella  focal=(61%,55%)  -> https://oruplzhfmtehsjbnsoms.supabase.co/storage/v1/object/public/recipe-images/
[2026-05-19 16:20:29] a3d70e49-bf88-4e27-a16c-5d74ebc9b8cc  Mushroom Doner  focal=(48%,45%)  -> https://oruplzhfmtehsjbnsoms.supabase.co/storage/v1/object/public/recipe-images/
[2026-05-19 16:21:15] 7ca5dfe4-e622-4342-9c2b-5887f76e5be2  Black Forest Batch Baked Oats  focal=(51%,49%)  -> https://oruplzhfmtehsjbnsoms.supabase.co/storage/v1/object/public/recipe-images/
[2026-05-19 16:21:57] 44d98671-9e37-4f2b-8780-6ee91d04878f  Türkischer Veganer Feta  focal=(49%,77%)  -> https://oruplzhfmtehsjbnsoms.supabase.co/storage/v1/object/public/recipe-images/
[2026-05-19 16:22:36] 4b39fc01-6027-4e7f-b33d-5cd8f8c16b46  Warm Broccoli & Couscous Salad  focal=(50%,29%)  -> https://oruplzhfmtehsjbnsoms.supabase.co/storage/v1/object/public/recipe-images/
[2026-05-19 16:23:16] a0ce0066-59cd-46e4-a550-35c1a82945d6  Blackberry Lemon Tart  focal=(45%,53%)  -> https://oruplzhfmtehsjbnsoms.supabase.co/storage/v1/object/public/recipe-images/
[2026-05-19 16:23:56] 3ff9408f-a383-4e3d-82c4-6baad2b06de9  Roasted Pepper and Chickpea Pasta  focal=(47%,41%)  -> https://oruplzhfmtehsjbnsoms.supabase.co/storage/v1/object/public/recipe-images/
[2026-05-19 16:24:38] 36af63a5-8294-48a1-8b53-bb3e3efca76f  Hoisin Duck Wrap  focal=(47%,53%)  -> https://oruplzhfmtehsjbnsoms.supabase.co/storage/v1/object/public/recipe-images/
[2026-05-19 16:25:56] 9ae975c1-8978-4b8a-9ff9-7853722a2ad3  Tofu Chicken Katsu with Curry Sauce  focal=(47%,68%)  -> https://oruplzhfmtehsjbnsoms.supabase.co/storage/v1/object/public/recipe-images/
[2026-05-19 16:26:42] cd5287b1-4c2f-45b1-bdba-911392a965ab  Salat im Glas  focal=(43%,44%)  -> https://oruplzhfmtehsjbnsoms.supabase.co/storage/v1/object/public/recipe-images/
[2026-05-19 16:27:51] 3472ab17-b8b8-4414-9ad9-cc803511d01a  Oyster Mushroom Gyros  focal=(52%,54%)  -> https://oruplzhfmtehsjbnsoms.supabase.co/storage/v1/object/public/recipe-images/
[2026-05-19 16:29:17] cebec4f3-567b-4ec4-808e-025e053284da  Creamy Pesto Orzo with Spinach and Peas  focal=(44%,57%)  -> https://oruplzhfmtehsjbnsoms.supabase.co/storage/v1/object/public/recipe-images/
[2026-05-19 16:30:36] 88376965-c73c-4793-bb30-ab323e7ec8e8  Creamy Butternut Squash Tagliatelle with Rosemary and Thyme   focal=(42%,52%)  -> https://oruplzhfmtehsjbnsoms.supabase.co/storage/v1/object/public/recipe-images/
[2026-05-19 16:31:13] 99c6f982-941e-4c48-ad06-3250a917b6a8  Crispy Rice Salad  focal=(38%,42%)  -> https://oruplzhfmtehsjbnsoms.supabase.co/storage/v1/object/public/recipe-images/
[2026-05-19 16:32:36] 914a8b4b-5da0-41a4-9ff1-25471654282d  Roasted Tomato Soup & Grilled Cheese Sandwich  focal=(41%,33%)  -> https://oruplzhfmtehsjbnsoms.supabase.co/storage/v1/object/public/recipe-images/
[2026-05-19 16:32:53] 6b1645ed-df1a-4a8f-ba3f-bf25255ce81c  High Protein Schokomousse  focal=(55%,45%)  -> https://oruplzhfmtehsjbnsoms.supabase.co/storage/v1/object/public/recipe-images/
[2026-05-19 16:33:28] cfe093f4-a078-4b36-9362-8a88834923ae  Miso Butter Grilled Leeks  focal=(67%,49%)  -> https://oruplzhfmtehsjbnsoms.supabase.co/storage/v1/object/public/recipe-images/
[2026-05-19 16:34:03] f9becf54-21de-4131-8a30-84b997231842  Simple Girl Dinner with Tomatoes, Beans & Toast  focal=(51%,59%)  -> https://oruplzhfmtehsjbnsoms.supabase.co/storage/v1/object/public/recipe-images/
[2026-05-19 16:34:31] 750652ed-1f29-4942-921d-7b3425876c1a  Fettarme Ofen Pommes  focal=(71%,59%)  -> https://oruplzhfmtehsjbnsoms.supabase.co/storage/v1/object/public/recipe-images/
[2026-05-19 16:34:56] 9d114348-84ea-4283-a091-ccbedad7cb8f  Miso Glazed Tofu  focal=(54%,60%)  -> https://oruplzhfmtehsjbnsoms.supabase.co/storage/v1/object/public/recipe-images/
[2026-05-19 16:35:38] e940e7ba-4ccf-4163-a68a-9d08368d15a6  White Bean Burger with Shoestring Fries  focal=(39%,57%)  -> https://oruplzhfmtehsjbnsoms.supabase.co/storage/v1/object/public/recipe-images/
[2026-05-19 16:36:18] 358b1654-1f01-48f7-9ea8-af6c926e4256  Healthy Tahini Salad  focal=(54%,74%)  -> https://oruplzhfmtehsjbnsoms.supabase.co/storage/v1/object/public/recipe-images/
[2026-05-19 16:36:47] c227b2c7-e4db-4b09-a3b5-433ad448423d  3 Ingredient Raffaello  focal=(46%,70%)  -> https://oruplzhfmtehsjbnsoms.supabase.co/storage/v1/object/public/recipe-images/
[2026-05-19 16:37:10] 53138640-1e69-48c4-b38b-bf5245822622  Roasted Tomato and Basil Soup  focal=(51%,42%)  -> https://oruplzhfmtehsjbnsoms.supabase.co/storage/v1/object/public/recipe-images/
[2026-05-19 16:37:45] df626a61-aa47-49a4-b4f6-1e28c400ce50  Sticky Harissa Tofu with Zhoug Couscous Salad  focal=(35%,52%)  -> https://oruplzhfmtehsjbnsoms.supabase.co/storage/v1/object/public/recipe-images/
[2026-05-19 16:38:06] e6e110e8-0df3-4a5d-8df9-65996deb830f  Creamy No Bake Vegan Biscoff Cheesecake  focal=(50%,63%)  -> https://oruplzhfmtehsjbnsoms.supabase.co/storage/v1/object/public/recipe-images/
[2026-05-19 16:38:53] a2005108-1787-4418-b1c3-08e24215ed5f  Vegane Austernpilz-Keulen  focal=(40%,70%)  -> https://oruplzhfmtehsjbnsoms.supabase.co/storage/v1/object/public/recipe-images/
[2026-05-19 16:39:14] b05331bb-1950-47ed-90ed-3ffd5fc332f4  Chickpea Curry  focal=(47%,31%)  -> https://oruplzhfmtehsjbnsoms.supabase.co/storage/v1/object/public/recipe-images/
[2026-05-19 16:39:45] f11051bf-db02-44bb-9c79-1c7f0295141a  Reindeer Cherry Bakewell Bars  focal=(44%,49%)  -> https://oruplzhfmtehsjbnsoms.supabase.co/storage/v1/object/public/recipe-images/
[2026-05-19 16:40:23] c61dfdcb-c9cc-43ec-aba8-89eae7d9a060  Pesto Orzo  focal=(47%,53%)  -> https://oruplzhfmtehsjbnsoms.supabase.co/storage/v1/object/public/recipe-images/
[2026-05-19 16:41:01] bd7060ed-820e-489e-968e-30aca10a5619  Chocolate Corn Chip Clusters  focal=(62%,35%)  -> https://oruplzhfmtehsjbnsoms.supabase.co/storage/v1/object/public/recipe-images/
[2026-05-19 16:41:39] c213ea47-13d9-4324-a07b-b7b89939ca84  Balsamic Pasta Salad  focal=(31%,32%)  -> https://oruplzhfmtehsjbnsoms.supabase.co/storage/v1/object/public/recipe-images/
[2026-05-19 16:42:09] 27054844-dbee-485a-89ac-d05c44facce1  No Bake Vegan Blueberry Cheesecake  focal=(42%,54%)  -> https://oruplzhfmtehsjbnsoms.supabase.co/storage/v1/object/public/recipe-images/
[2026-05-19 16:42:47] b50768e7-c7cf-4810-ac96-04907e1e1a5f  Brokkolisprossen  focal=(59%,54%)  -> https://oruplzhfmtehsjbnsoms.supabase.co/storage/v1/object/public/recipe-images/
[2026-05-19 16:43:21] fbffe243-e514-44bd-b431-01be1d057414  Gluten-Free Raspberry Lemon Bars  focal=(37%,46%)  -> https://oruplzhfmtehsjbnsoms.supabase.co/storage/v1/object/public/recipe-images/
[2026-05-19 16:43:54] 1c4d8b55-1345-420a-b212-00b34d241d4a  Chocolate Quinoa Crunch Bars  focal=(51%,66%)  -> https://oruplzhfmtehsjbnsoms.supabase.co/storage/v1/object/public/recipe-images/
[2026-05-19 16:44:35] 6a8ba670-9ac9-47f4-834f-64c9e08af9ab  Tofu Pesto Picnic Sandwich  focal=(51%,48%)  -> https://oruplzhfmtehsjbnsoms.supabase.co/storage/v1/object/public/recipe-images/
[2026-05-19 16:45:41] 75dde4fa-32f1-4d72-aa71-e15f68fe9e0c  Pasta mit rauchigem Ofen-Lauch  focal=(26%,52%)  -> https://oruplzhfmtehsjbnsoms.supabase.co/storage/v1/object/public/recipe-images/
[2026-05-19 16:47:54] b0eb6421-3346-40ea-8283-b30b9119f690  Kirsch-Quark-Kuchen  focal=(54%,36%)  -> https://oruplzhfmtehsjbnsoms.supabase.co/storage/v1/object/public/recipe-images/
[2026-05-19 16:49:03] 44d93557-06c1-47e2-b5aa-68ed17ca3525  Crispy Coated Oyster Mushroom Wings with Garlic Parm Butter  focal=(62%,63%)  -> https://oruplzhfmtehsjbnsoms.supabase.co/storage/v1/object/public/recipe-images/
[2026-05-19 16:49:47] e1fa6155-2200-4054-9c8b-644f25f888a3  Flourless Peanut Butter Sweet Potato Muffins  focal=(51%,38%)  -> https://oruplzhfmtehsjbnsoms.supabase.co/storage/v1/object/public/recipe-images/
[2026-05-19 16:50:55] 30794c10-24e1-4018-a121-31391d61ea09  Ofen-Dumplings  focal=(41%,39%)  -> https://oruplzhfmtehsjbnsoms.supabase.co/storage/v1/object/public/recipe-images/
[2026-05-19 16:51:20] 1714bbd4-d512-40aa-beb8-a72b3377795c  Applesauce Cake  focal=(41%,34%)  -> https://oruplzhfmtehsjbnsoms.supabase.co/storage/v1/object/public/recipe-images/
[2026-05-19 16:52:22] 960d203b-23fb-4c51-93b9-c41d4722256e  Crispy Baked Orzo with Cajun Sausages  focal=(49%,53%)  -> https://oruplzhfmtehsjbnsoms.supabase.co/storage/v1/object/public/recipe-images/
[2026-05-19 16:54:37] ae0f7917-02cc-4489-86e5-454f63fed0f2  Autumn Salad  focal=(38%,35%)  -> https://oruplzhfmtehsjbnsoms.supabase.co/storage/v1/object/public/recipe-images/
[2026-05-19 16:57:30] 12505a73-a541-4f33-bd86-714c444d016a  Plant-Based Chili  focal=(59%,48%)  -> https://oruplzhfmtehsjbnsoms.supabase.co/storage/v1/object/public/recipe-images/
[2026-05-19 16:59:43] d4d4f38b-b1df-44c4-ab1b-30e829939bac  Djuvec-Reis  focal=(35%,61%)  -> https://oruplzhfmtehsjbnsoms.supabase.co/storage/v1/object/public/recipe-images/
[2026-05-19 17:00:54] c5c72114-b904-4811-a01b-0295d4ab6526  Curried Carrot Soup  focal=(45%,40%)  -> https://oruplzhfmtehsjbnsoms.supabase.co/storage/v1/object/public/recipe-images/
[2026-05-19 17:01:26] 1d4d02ba-6389-4c01-a1af-b8ff73388f36  Pfannkuchentorte  focal=(41%,53%)  -> https://oruplzhfmtehsjbnsoms.supabase.co/storage/v1/object/public/recipe-images/
[2026-05-19 17:02:40] e69b1ecd-8a78-4329-9cf1-8dfdc8ceb1be  Homemade Chilli Oil  focal=(48%,57%)  -> https://oruplzhfmtehsjbnsoms.supabase.co/storage/v1/object/public/recipe-images/
[2026-05-19 17:05:35] 25547e79-e201-4df9-a41d-51ce05e16e32  Spiced Tofu Sandwich  focal=(46%,46%)  -> https://oruplzhfmtehsjbnsoms.supabase.co/storage/v1/object/public/recipe-images/
[2026-05-19 17:06:50] bcfb09f9-a20d-4335-b605-af0257d56b92  Banana Bread  focal=(44%,45%)  -> https://oruplzhfmtehsjbnsoms.supabase.co/storage/v1/object/public/recipe-images/
[2026-05-19 17:07:27] a48ad9ed-8c47-4cd5-8798-7c5723e5f3e5  Vegan Tofu Schnitzel  focal=(59%,56%)  -> https://oruplzhfmtehsjbnsoms.supabase.co/storage/v1/object/public/recipe-images/
[2026-05-19 17:08:32] b7b2685a-7484-407a-b1fb-e1e0202e314f  Roasted Red Pepper and Tomato Soup  focal=(50%,48%)  -> https://oruplzhfmtehsjbnsoms.supabase.co/storage/v1/object/public/recipe-images/
[2026-05-19 17:09:03] f71ecf17-7890-436f-aa7f-2b46320f8346  Rustic Tomato Ravioli Soup  focal=(60%,49%)  -> https://oruplzhfmtehsjbnsoms.supabase.co/storage/v1/object/public/recipe-images/
[2026-05-19 17:09:49] 9cc14a7c-41c0-4ea3-b69e-81490edb5fd7  Roasted Tomato + Harissa Soup  focal=(49%,49%)  -> https://oruplzhfmtehsjbnsoms.supabase.co/storage/v1/object/public/recipe-images/
[2026-05-19 17:10:36] d591c794-c139-4554-a40a-f066a96b6df3  Korean Veggie Pancakes with Creamy Gochujang Dip  focal=(49%,37%)  -> https://oruplzhfmtehsjbnsoms.supabase.co/storage/v1/object/public/recipe-images/
[2026-05-19 17:11:21] 7e74b037-2f0d-40b7-9320-c3f0e9a9b1b3  Italian Piadina  focal=(51%,40%)  -> https://oruplzhfmtehsjbnsoms.supabase.co/storage/v1/object/public/recipe-images/
[2026-05-19 17:11:58] d8aece02-ad52-43dc-8bed-ec7c5d12b5d2  White Lasagna with Garlicky Greens & Mushrooms  focal=(51%,35%)  -> https://oruplzhfmtehsjbnsoms.supabase.co/storage/v1/object/public/recipe-images/
[2026-05-19 17:12:36] 72d742d9-ad22-4262-ad52-32c4bce58afb  Zucchini-Feta Cakes with Harissa Tzatziki  focal=(52%,46%)  -> https://oruplzhfmtehsjbnsoms.supabase.co/storage/v1/object/public/recipe-images/
[2026-05-19 17:12:54] 90853111-e8fd-47b9-a356-1bc6e00536b5  Caramel - Wet vs Dry Method  focal=(48%,43%)  -> https://oruplzhfmtehsjbnsoms.supabase.co/storage/v1/object/public/recipe-images/
[2026-05-19 17:13:38] 20f13a52-5c48-4443-a407-04158e58d2d3  High Protein Plant-Based Burrito  focal=(51%,18%)  -> https://oruplzhfmtehsjbnsoms.supabase.co/storage/v1/object/public/recipe-images/
[2026-05-19 17:14:33] 9ff498f1-ef73-4519-b788-f8412cb8f232  Vegan Taco Meat  focal=(60%,60%)  -> https://oruplzhfmtehsjbnsoms.supabase.co/storage/v1/object/public/recipe-images/
[2026-05-19 17:15:05] ad6b2d93-010c-4842-a5ba-a681bc732610  Nudelsalat mit Rucola, Parmesan & Pinienkernen  focal=(54%,46%)  -> https://oruplzhfmtehsjbnsoms.supabase.co/storage/v1/object/public/recipe-images/
[2026-05-19 17:15:35] b71953d7-b212-4644-82a1-8c4ac74f72a5  Cucumber Salad  focal=(68%,41%)  -> https://oruplzhfmtehsjbnsoms.supabase.co/storage/v1/object/public/recipe-images/
[2026-05-19 17:16:14] a6fc04bf-e4bb-4947-9bf6-6c3798770ee7  Wild Garlic Butter  focal=(52%,41%)  -> https://oruplzhfmtehsjbnsoms.supabase.co/storage/v1/object/public/recipe-images/
[2026-05-19 17:16:37] cb0126bd-cc19-4e92-9a1e-7d0d935f2473  Nourish Bowl  focal=(48%,41%)  -> https://oruplzhfmtehsjbnsoms.supabase.co/storage/v1/object/public/recipe-images/
[2026-05-19 17:17:10] 006d8546-8da1-47b0-9609-0e6f23bd27b9  One Bowl Moist Vegan Lemon Blueberry Loaf Cake  focal=(33%,66%)  -> https://oruplzhfmtehsjbnsoms.supabase.co/storage/v1/object/public/recipe-images/
[2026-05-19 17:17:57] f745ba27-801b-4044-8958-9166d727ef5b  Sheet Pan Red Lentil Protein Pancakes  focal=(42%,47%)  -> https://oruplzhfmtehsjbnsoms.supabase.co/storage/v1/object/public/recipe-images/
[2026-05-19 17:18:19] 93f536ea-3c2e-4fa1-b65c-9c2851c3d08d  Crispy Chili Peanut Udon One-Pot  focal=(49%,45%)  -> https://oruplzhfmtehsjbnsoms.supabase.co/storage/v1/object/public/recipe-images/
[2026-05-19 17:19:15] 03cb64da-9107-437b-8246-7d7f379cd366  Healthy Pesto Couscous Salad  focal=(49%,41%)  -> https://oruplzhfmtehsjbnsoms.supabase.co/storage/v1/object/public/recipe-images/
[2026-05-19 17:19:41] fc5d2813-de2f-4867-9856-984c342845e6  High Protein Cheesy-Crust Käsespätzle  focal=(47%,42%)  -> https://oruplzhfmtehsjbnsoms.supabase.co/storage/v1/object/public/recipe-images/
[2026-05-19 17:20:07] 78cf3b7c-b230-4be4-bef3-8fe4ab349a16  Bueno Tarte  focal=(58%,44%)  -> https://oruplzhfmtehsjbnsoms.supabase.co/storage/v1/object/public/recipe-images/
[2026-05-19 17:20:26] 0a26f3b9-9e6b-4773-831e-5f0016aea32a  Butternut Squash Harissa Salad  focal=(63%,38%)  -> https://oruplzhfmtehsjbnsoms.supabase.co/storage/v1/object/public/recipe-images/
[2026-05-19 17:21:12] e69eb77d-fb2b-42c7-9cf7-b312c39df8fe  Greek Nachos  focal=(57%,41%)  -> https://oruplzhfmtehsjbnsoms.supabase.co/storage/v1/object/public/recipe-images/
[2026-05-19 17:22:07] 35bf9bfa-7ec5-4bf4-b194-b217392e5dd5  Upgraded Halloumi  focal=(44%,48%)  -> https://oruplzhfmtehsjbnsoms.supabase.co/storage/v1/object/public/recipe-images/
[2026-05-19 17:22:45] 3e4e0eff-25ec-4d5e-ac80-5b7678ad7514  Chopped Southwest Salad with Chipotle Dressing  focal=(56%,38%)  -> https://oruplzhfmtehsjbnsoms.supabase.co/storage/v1/object/public/recipe-images/
[2026-05-19 17:23:40] 2392d35d-bbb9-4cec-bb73-558e66e0af47  Healthy No Bake Blueberry Pie Protein Donuts  focal=(49%,61%)  -> https://oruplzhfmtehsjbnsoms.supabase.co/storage/v1/object/public/recipe-images/
[2026-05-19 17:24:26] c4e9c377-8f1b-467c-b66d-b6725ffbcdb6  Vegane Rocher-Kugeln  focal=(54%,30%)  -> https://oruplzhfmtehsjbnsoms.supabase.co/storage/v1/object/public/recipe-images/
[2026-05-19 17:25:16] ab574f20-8804-4652-9e1b-46bf0009fca5  Veganer Trüffel-Rosmarin-Pizzakäse  focal=(47%,52%)  -> https://oruplzhfmtehsjbnsoms.supabase.co/storage/v1/object/public/recipe-images/
[2026-05-19 17:25:39] da7132a4-6b26-4191-87a6-7e7e777c880c  Couscous Pomegranate Salad  focal=(66%,36%)  -> https://oruplzhfmtehsjbnsoms.supabase.co/storage/v1/object/public/recipe-images/
[2026-05-19 17:26:22] 5917937f-99c0-46cb-86ce-b6147a1b66a2  Greek Tortellini Salad  focal=(45%,35%)  -> https://oruplzhfmtehsjbnsoms.supabase.co/storage/v1/object/public/recipe-images/
[2026-05-19 17:26:55] f418ad92-6aef-4210-ad6c-4eb6cd6da4bd  Himbeer-Zitronen-Limo  focal=(44%,60%)  -> https://oruplzhfmtehsjbnsoms.supabase.co/storage/v1/object/public/recipe-images/
[2026-05-19 17:27:46] 13dc043d-e3b3-4185-ba1e-b98a2e4c0e34  Hoisin Shredded Tofu Duck Udon  focal=(63%,43%)  -> https://oruplzhfmtehsjbnsoms.supabase.co/storage/v1/object/public/recipe-images/
[2026-05-19 17:28:28] 8f42c923-b01c-49af-b797-19df433ba288  Maultaschenblech  focal=(39%,46%)  -> https://oruplzhfmtehsjbnsoms.supabase.co/storage/v1/object/public/recipe-images/
[2026-05-19 17:29:31] a91452bd-bc46-456c-8223-2233e21267a3  Hall of Fame Tofu and Potato Sandwich  focal=(49%,34%)  -> https://oruplzhfmtehsjbnsoms.supabase.co/storage/v1/object/public/recipe-images/
[2026-05-19 17:29:53] e34cad1a-ff3b-4b87-8860-bc3a88420cc3  Everything Bagel Seasoning  focal=(50%,50%)  -> https://oruplzhfmtehsjbnsoms.supabase.co/storage/v1/object/public/recipe-images/
[2026-05-19 17:30:14] 836e3dec-6c14-49dd-af44-e2dbb54bc6b9  Sweet Potato Salad with Creamy Cilantro Dressing  focal=(57%,45%)  -> https://oruplzhfmtehsjbnsoms.supabase.co/storage/v1/object/public/recipe-images/
[2026-05-19 17:30:41] 7315eb5f-6f0b-4a28-a834-c914ecaabbb0  Quick & Creamy Comfort Gnocchi One-Pot  focal=(40%,48%)  -> https://oruplzhfmtehsjbnsoms.supabase.co/storage/v1/object/public/recipe-images/
[2026-05-19 17:31:05] a96d041f-76c6-4c1c-876d-5e8b66779e8c  Roasted Pumpkin Seeds  focal=(33%,40%)  -> https://oruplzhfmtehsjbnsoms.supabase.co/storage/v1/object/public/recipe-images/
[2026-05-19 17:31:34] bbf5e5ec-ba3a-42e0-83b7-a1acb993f475  Sushi Salat  focal=(55%,31%)  -> https://oruplzhfmtehsjbnsoms.supabase.co/storage/v1/object/public/recipe-images/
[2026-05-19 17:32:40] a2753584-cc06-4106-a929-d8782319d667  Green Goddess Panini  focal=(55%,41%)  -> https://oruplzhfmtehsjbnsoms.supabase.co/storage/v1/object/public/recipe-images/
[2026-05-19 17:33:50] c083a324-ecb3-4afd-9377-97613c33b5cf  Lentil Chips  focal=(38%,55%)  -> https://oruplzhfmtehsjbnsoms.supabase.co/storage/v1/object/public/recipe-images/
[2026-05-19 17:34:48] 2f362b8c-0245-4c9d-9af1-871fe0a9bcc4  Vegan Chicken Skin  focal=(45%,59%)  -> https://oruplzhfmtehsjbnsoms.supabase.co/storage/v1/object/public/recipe-images/
[2026-05-19 17:35:37] c53a466e-1b6c-4a6f-afcf-61ca8b2ade11  Vegan Carbonara  focal=(50%,64%)  -> https://oruplzhfmtehsjbnsoms.supabase.co/storage/v1/object/public/recipe-images/
[2026-05-19 17:36:19] 0b1285cf-fffc-4147-86be-19c758ba5846  Knuspriger Kartoffel-Kichererbsen-Couscous-Salat  focal=(52%,27%)  -> https://oruplzhfmtehsjbnsoms.supabase.co/storage/v1/object/public/recipe-images/
[2026-05-19 17:38:14] 61179aa4-86d7-4b30-b08f-4ebaebc37062  Vegan Pumpkin Umami Ramen  focal=(48%,34%)  -> https://oruplzhfmtehsjbnsoms.supabase.co/storage/v1/object/public/recipe-images/
[2026-05-19 17:39:36] 366ee682-35ea-47e2-841a-1ae7ae509a34  20 Minute Udon Stir Fry with Tofu  focal=(46%,59%)  -> https://oruplzhfmtehsjbnsoms.supabase.co/storage/v1/object/public/recipe-images/
[2026-05-19 17:40:53] 1f0b23eb-9d51-442f-bb84-5806cefeaad2  Tofu Caesar Wrap  focal=(57%,69%)  -> https://oruplzhfmtehsjbnsoms.supabase.co/storage/v1/object/public/recipe-images/
[2026-05-19 17:42:31] 5623a1de-13c7-49e4-a66a-c89bfc715a4f  Creamy Pesto Gnocchi  focal=(51%,46%)  -> https://oruplzhfmtehsjbnsoms.supabase.co/storage/v1/object/public/recipe-images/
[2026-05-19 17:43:51] f82374f3-9ef6-44f1-b303-a6c4ed5fcdef  Vegan Warm Orzo Salad  focal=(54%,40%)  -> https://oruplzhfmtehsjbnsoms.supabase.co/storage/v1/object/public/recipe-images/
[2026-05-19 17:45:49] 5c0e8f96-43c7-4149-809f-39e884366200  DATE ME Salad  focal=(61%,65%)  -> https://oruplzhfmtehsjbnsoms.supabase.co/storage/v1/object/public/recipe-images/
[2026-05-19 17:47:12] b1b846dd-e1a1-4787-a7d7-1c06f877e187  Mediterranean Gnocchi  focal=(55%,46%)  -> https://oruplzhfmtehsjbnsoms.supabase.co/storage/v1/object/public/recipe-images/
[2026-05-19 17:47:37] e0420b6d-0b82-4a73-bbfb-d9efc525f91a  Vegan Mozzarella Balls  focal=(46%,42%)  -> https://oruplzhfmtehsjbnsoms.supabase.co/storage/v1/object/public/recipe-images/
[2026-05-19 17:49:03] cc3fe2ce-cc59-4910-99cc-99e03f550898  One Bowl Vegan Carrot Cake Loaf  focal=(51%,61%)  -> https://oruplzhfmtehsjbnsoms.supabase.co/storage/v1/object/public/recipe-images/
[2026-05-19 17:50:27] 3b06c2ad-2eff-4605-b2ca-63a2bef6164b  Brown Butter Vegan Pistachio Chocolate Chip Cookies  focal=(45%,37%)  -> https://oruplzhfmtehsjbnsoms.supabase.co/storage/v1/object/public/recipe-images/
[2026-05-19 17:51:42] 20747837-aeb0-4dc2-b144-2538d6520013  Healthy Banana Bread Jam Bars  focal=(47%,47%)  -> https://oruplzhfmtehsjbnsoms.supabase.co/storage/v1/object/public/recipe-images/
[2026-05-19 17:52:50] 7f8ab67a-7db4-4548-b2a7-bdb388d87819  Die perfekte Lunch Bowl  focal=(48%,43%)  -> https://oruplzhfmtehsjbnsoms.supabase.co/storage/v1/object/public/recipe-images/
[2026-05-19 17:54:11] 2259cba1-f36d-4b03-a4b9-dcb6d5005fa0  Cream of Asparagus Soup  focal=(53%,55%)  -> https://oruplzhfmtehsjbnsoms.supabase.co/storage/v1/object/public/recipe-images/
[2026-05-19 17:55:27] 7168e120-6050-4f55-912e-db79ce08fea3  Gooey Vegan Salted Caramel Brownies  focal=(52%,72%)  -> https://oruplzhfmtehsjbnsoms.supabase.co/storage/v1/object/public/recipe-images/
[2026-05-19 17:58:35] 9cf3e2a2-cad2-4285-aa99-bead9e679ac7  Veganer Mozzarella  focal=(41%,24%)  -> https://oruplzhfmtehsjbnsoms.supabase.co/storage/v1/object/public/recipe-images/
[2026-05-19 18:00:12] 15ebb262-6d79-4ee8-a156-89e4072cafaa  Fudgy Vegan Double Chocolate Chip Cookies  focal=(45%,38%)  -> https://oruplzhfmtehsjbnsoms.supabase.co/storage/v1/object/public/recipe-images/
[2026-05-19 18:01:20] 3659a2f6-7be1-4796-9743-01219334c228  5-Minuten Curry Ramen  focal=(50%,67%)  -> https://oruplzhfmtehsjbnsoms.supabase.co/storage/v1/object/public/recipe-images/
[2026-05-19 18:03:34] 314874d0-51b0-4e15-9746-e5b2f5ea6e05  Mushroom 65 Sando  focal=(48%,62%)  -> https://oruplzhfmtehsjbnsoms.supabase.co/storage/v1/object/public/recipe-images/
[2026-05-19 18:05:15] 732ee10e-9545-4396-86ec-07770c9f47f5  Vegan Tofu Cheese  focal=(61%,45%)  -> https://oruplzhfmtehsjbnsoms.supabase.co/storage/v1/object/public/recipe-images/
[2026-05-19 18:05:52] 83c693b8-7955-4446-9462-4b074a54385d  Feta Tofu  focal=(47%,45%)  -> https://oruplzhfmtehsjbnsoms.supabase.co/storage/v1/object/public/recipe-images/
[2026-05-19 18:06:29] b60e8841-52be-4852-9fda-82257be734f6  Rich Tofu Ragu  focal=(52%,50%)  -> https://oruplzhfmtehsjbnsoms.supabase.co/storage/v1/object/public/recipe-images/
[2026-05-19 18:07:00] 905a3244-74b4-45ca-b28f-19ec60575240  Bärlauch Cream Cheese  focal=(51%,56%)  -> https://oruplzhfmtehsjbnsoms.supabase.co/storage/v1/object/public/recipe-images/
[2026-05-19 18:07:51] 588af5b4-2198-416c-ba66-576590440b9e  Cinnamon Cardamom Buns  focal=(44%,48%)  -> https://oruplzhfmtehsjbnsoms.supabase.co/storage/v1/object/public/recipe-images/
[2026-05-19 18:08:28] b788fea2-446d-479d-8b35-a7f1e6d46016  Korean Vegan Fried Chicken  focal=(53%,46%)  -> https://oruplzhfmtehsjbnsoms.supabase.co/storage/v1/object/public/recipe-images/
[2026-05-19 18:08:58] dbc12171-69fd-4b26-a57c-cfb31bcfa6a6  High Protein Paprika Bohnen Pfanne  focal=(45%,51%)  -> https://oruplzhfmtehsjbnsoms.supabase.co/storage/v1/object/public/recipe-images/
[2026-05-19 18:09:36] 02e08342-1f2f-40c7-bca2-9174f8d53771  Creamy Carbonara  focal=(61%,52%)  -> https://oruplzhfmtehsjbnsoms.supabase.co/storage/v1/object/public/recipe-images/
[2026-05-19 18:09:57] fc3067ff-b875-4ed1-9086-74f5785b11f6  One Bowl Fresh Vegan Strawberry Cake  focal=(35%,49%)  -> https://oruplzhfmtehsjbnsoms.supabase.co/storage/v1/object/public/recipe-images/
[2026-05-19 18:10:25] 12f3d25e-e8b8-491c-bd35-c3aa60fce48a  Pistachio Sheet Cake with Dairy Free Vanilla Cream Cheese Fr  focal=(50%,37%)  -> https://oruplzhfmtehsjbnsoms.supabase.co/storage/v1/object/public/recipe-images/
[2026-05-19 18:10:57] 0d4f6c61-0acc-4128-b814-e6d73f051dd7  Dessert Gnocchi  focal=(39%,54%)  -> https://oruplzhfmtehsjbnsoms.supabase.co/storage/v1/object/public/recipe-images/
[2026-05-19 18:11:32] e08839e0-5eba-4c8f-a1b2-e6f2b297c833  Peanut Gochujang Noodles with Grilled Miso Tofu  focal=(46%,51%)  -> https://oruplzhfmtehsjbnsoms.supabase.co/storage/v1/object/public/recipe-images/
[2026-05-19 18:11:59] 4b3e6e0c-4b19-42c9-b5cd-3bb7c5ff4f9e  Kartoffelsuppe mit Lauch  focal=(51%,43%)  -> https://oruplzhfmtehsjbnsoms.supabase.co/storage/v1/object/public/recipe-images/
[2026-05-19 18:12:31] 2598f249-1dac-4c50-a8d9-41395069959d  Moroccan-Style Nourish Bowl  focal=(47%,39%)  -> https://oruplzhfmtehsjbnsoms.supabase.co/storage/v1/object/public/recipe-images/
[2026-05-19 18:13:21] 47b37ee7-5623-4126-8b9c-10a5e23e5a64  Smoky Jollof Rice  focal=(46%,50%)  -> https://oruplzhfmtehsjbnsoms.supabase.co/storage/v1/object/public/recipe-images/
[2026-05-19 18:13:56] 7371161b-d5b0-4627-b1fe-5d295612b6fc  Lasagna Rolls with Spinach Filling  focal=(53%,40%)  -> https://oruplzhfmtehsjbnsoms.supabase.co/storage/v1/object/public/recipe-images/
[2026-05-19 18:14:27] 8436c102-f0a5-4661-827c-b8d9768f0da8  Salted Caramel Protein Tarts  focal=(52%,33%)  -> https://oruplzhfmtehsjbnsoms.supabase.co/storage/v1/object/public/recipe-images/
[2026-05-19 18:14:46] 078d2122-0f72-477d-8dc9-a769c9d3eced  Sweet Potato Chocolate Mousse  focal=(48%,45%)  -> https://oruplzhfmtehsjbnsoms.supabase.co/storage/v1/object/public/recipe-images/
[2026-05-19 18:15:18] cc7c05c7-9abc-4feb-a8f4-2e47fdaf0f11  Harissa Butter Beans  focal=(54%,35%)  -> https://oruplzhfmtehsjbnsoms.supabase.co/storage/v1/object/public/recipe-images/
[2026-05-19 18:16:01] 9e62676d-4d50-4ca6-b778-0f663f7bd1e1  Kartoffelauflauf  focal=(52%,55%)  -> https://oruplzhfmtehsjbnsoms.supabase.co/storage/v1/object/public/recipe-images/
[2026-05-19 18:16:37] 04c86c52-71e3-4aeb-97c9-0c98139ba186  Raspberry Crumble Bars  focal=(56%,25%)  -> https://oruplzhfmtehsjbnsoms.supabase.co/storage/v1/object/public/recipe-images/
[2026-05-19 18:17:10] ae03db95-2292-473f-beb0-aa82b83d58ce  Pesto Cream Penne Pasta Salad  focal=(41%,54%)  -> https://oruplzhfmtehsjbnsoms.supabase.co/storage/v1/object/public/recipe-images/
[2026-05-19 18:17:29] c94ba907-60e0-4a03-af5b-8e5b58254877  Spiced Roasted Cauliflower & Chickpea Salad  focal=(52%,44%)  -> https://oruplzhfmtehsjbnsoms.supabase.co/storage/v1/object/public/recipe-images/
[2026-05-19 18:18:01] 918b349d-6124-4414-8282-9b5d7c380922  Vegan Tuna Pasta Salad  focal=(41%,31%)  -> https://oruplzhfmtehsjbnsoms.supabase.co/storage/v1/object/public/recipe-images/
[2026-05-19 18:18:28] aaf462a5-6a05-4f65-8206-06271305f4c5  California Girl Veggie Sandwich  focal=(49%,66%)  -> https://oruplzhfmtehsjbnsoms.supabase.co/storage/v1/object/public/recipe-images/
[2026-05-19 18:18:55] 704ceb24-4d37-4ead-a156-f4ade9d30d42  Banana Berry Sorbet  focal=(48%,45%)  -> https://oruplzhfmtehsjbnsoms.supabase.co/storage/v1/object/public/recipe-images/
[2026-05-19 18:19:26] 3a803317-504c-4a33-a1fb-f7bcd6adc812  Saucy Moroccan Spiced Chickpeas  focal=(52%,67%)  -> https://oruplzhfmtehsjbnsoms.supabase.co/storage/v1/object/public/recipe-images/
[2026-05-19 18:20:37] 8a5f91d9-2e44-4fae-b904-5d1fff0608f5  Loaded Nachos  focal=(47%,29%)  -> https://oruplzhfmtehsjbnsoms.supabase.co/storage/v1/object/public/recipe-images/
[2026-05-19 18:21:15] d877aba1-c9d5-4f8e-b9fa-8e6dcdf62b60  How to Deseed a Pomegranate  focal=(32%,44%)  -> https://oruplzhfmtehsjbnsoms.supabase.co/storage/v1/object/public/recipe-images/
[2026-05-19 18:22:13] 9fcdb3c8-48e8-4467-88fa-73560c47b7bc  Popcorn Caramel Slice  focal=(63%,43%)  -> https://oruplzhfmtehsjbnsoms.supabase.co/storage/v1/object/public/recipe-images/
[2026-05-19 18:22:48] 1d08cf41-5587-484e-8f34-5e2a90f58b1a  No Bake Vegan Strawberry Crunch Cheesecake  focal=(50%,60%)  -> https://oruplzhfmtehsjbnsoms.supabase.co/storage/v1/object/public/recipe-images/
[2026-05-19 18:23:08] 63c54d0c-45ef-4e19-aaec-f0be60b11146  Hazelnut, Raspberry and Rose Cream Tart  focal=(57%,47%)  -> https://oruplzhfmtehsjbnsoms.supabase.co/storage/v1/object/public/recipe-images/
[2026-05-19 18:23:52] 474e5fd6-8bf2-4a61-81a9-32e833119f35  Chilli Garlic Tofu Bao  focal=(49%,40%)  -> https://oruplzhfmtehsjbnsoms.supabase.co/storage/v1/object/public/recipe-images/
[2026-05-19 18:24:08] 329d52cf-f27b-4c3b-b325-80ec9b681239  Cinnamon Crunch Banana Bread  focal=(61%,39%)  -> https://oruplzhfmtehsjbnsoms.supabase.co/storage/v1/object/public/recipe-images/
[2026-05-19 18:24:40] c07ba3cb-4223-46d6-9cd9-b6ae600e5313  Gluten-Free Vegan Lemon Cupcakes  focal=(61%,48%)  -> https://oruplzhfmtehsjbnsoms.supabase.co/storage/v1/object/public/recipe-images/
[2026-05-19 18:25:16] b0a23a1d-c3c6-4d33-a1a4-0e7e705e1d2c  Mini Strawberry Tarts  focal=(36%,43%)  -> https://oruplzhfmtehsjbnsoms.supabase.co/storage/v1/object/public/recipe-images/
[2026-05-19 18:25:44] 7a9ee303-0d16-457c-b325-d43164d4bea6  Smashed Cucumber Salad with Feta-Dill Dressing and Pistachio  focal=(53%,43%)  -> https://oruplzhfmtehsjbnsoms.supabase.co/storage/v1/object/public/recipe-images/
[2026-05-19 18:26:26] 0e255c17-d40a-4b13-933a-3c9116c1434a  Blueberry Crumble Bars  focal=(49%,60%)  -> https://oruplzhfmtehsjbnsoms.supabase.co/storage/v1/object/public/recipe-images/
[2026-05-19 18:26:48] a9a6f20b-81b5-49ca-ac82-89fb2c39c224  Moist Vegan Lemon Blueberry Crumb Cake with Cream Cheese Swi  focal=(49%,46%)  -> https://oruplzhfmtehsjbnsoms.supabase.co/storage/v1/object/public/recipe-images/
[2026-05-19 18:27:21] a4ae31d5-8d4f-4584-9bc4-9570f50ce892  Healthier Valentine's Cheesecake  focal=(53%,43%)  -> https://oruplzhfmtehsjbnsoms.supabase.co/storage/v1/object/public/recipe-images/
[2026-05-19 18:27:47] a913d892-03d1-4269-b5f9-355b8f0b7928  Berry Chia Pudding  focal=(70%,33%)  -> https://oruplzhfmtehsjbnsoms.supabase.co/storage/v1/object/public/recipe-images/
[2026-05-19 18:28:07] c517db3f-dd57-4209-b407-5397c5a1998e  Kritharaki Salat  focal=(54%,33%)  -> https://oruplzhfmtehsjbnsoms.supabase.co/storage/v1/object/public/recipe-images/
[2026-05-19 18:28:38] 585371b4-8135-4d46-960b-e8c07b2bc9d2  Millionaire Bars  focal=(32%,46%)  -> https://oruplzhfmtehsjbnsoms.supabase.co/storage/v1/object/public/recipe-images/
[2026-05-19 18:29:14] 31ced2b1-9b72-4c4f-9d48-f0ac65a2e7cf  Baba Ganoush  focal=(48%,50%)  -> https://oruplzhfmtehsjbnsoms.supabase.co/storage/v1/object/public/recipe-images/
[2026-05-19 18:29:58] 7049dd7d-3923-4525-92f3-bdbe64b4d98e  French Onion Soup Pasta  focal=(55%,58%)  -> https://oruplzhfmtehsjbnsoms.supabase.co/storage/v1/object/public/recipe-images/
[2026-05-19 18:30:32] cdd3f458-6205-45b2-863e-6ef08c8f69a2  30 Clove Soup  focal=(43%,37%)  -> https://oruplzhfmtehsjbnsoms.supabase.co/storage/v1/object/public/recipe-images/
[2026-05-19 18:30:59] 767ff02c-28c8-47c9-b4f7-f30041af9ffe  Easter Egg Cheesecakes  focal=(37%,61%)  -> https://oruplzhfmtehsjbnsoms.supabase.co/storage/v1/object/public/recipe-images/
[2026-05-19 18:31:27] 7cf211e3-9b84-4356-bbd7-92084f7161a4  Halloumi & Quinoa Chopped Salad  focal=(62%,55%)  -> https://oruplzhfmtehsjbnsoms.supabase.co/storage/v1/object/public/recipe-images/
[2026-05-19 18:31:56] 50c4925e-a232-45e3-939d-399b333e4171  Pesto Tofu Chopped Sandwich  focal=(59%,64%)  -> https://oruplzhfmtehsjbnsoms.supabase.co/storage/v1/object/public/recipe-images/
[2026-05-19 18:32:11] a2c7fa7b-5057-4d1f-aba0-42e276a93901  Carrot Cake Baked Oat Cake  focal=(62%,28%)  -> https://oruplzhfmtehsjbnsoms.supabase.co/storage/v1/object/public/recipe-images/
[2026-05-19 18:33:08] 8d68269b-98a8-4718-8f03-7f23b2be1886  Hot Honey Halloumi Burger  focal=(43%,30%)  -> https://oruplzhfmtehsjbnsoms.supabase.co/storage/v1/object/public/recipe-images/
[2026-05-19 18:33:46] 0b56398a-d6b2-44fc-bf73-716b0a21ce72  Tomato, Mozzarella & Basil Stuffed Flatbreads  focal=(36%,56%)  -> https://oruplzhfmtehsjbnsoms.supabase.co/storage/v1/object/public/recipe-images/
[2026-05-19 18:34:16] 71126444-85b4-451d-8370-19303f941136  Caramelised Onion Dip  focal=(60%,46%)  -> https://oruplzhfmtehsjbnsoms.supabase.co/storage/v1/object/public/recipe-images/
[2026-05-19 18:34:51] 8d1cb66b-12c3-466f-a110-f747605e6177  Arroz de Tomate with Salmorejo  focal=(56%,60%)  -> https://oruplzhfmtehsjbnsoms.supabase.co/storage/v1/object/public/recipe-images/
[2026-05-19 18:35:16] fa67cb67-b8d0-4fbc-b11f-27d7f3b2aab0  Sesame Miso Noodles  focal=(45%,50%)  -> https://oruplzhfmtehsjbnsoms.supabase.co/storage/v1/object/public/recipe-images/
[2026-05-19 18:35:39] 075636ad-e79d-4430-92ba-8b380a04a567  Cheesy Leeks & Beans with Garlicky Breadcrumbs & Tangy Pickl  focal=(47%,61%)  -> https://oruplzhfmtehsjbnsoms.supabase.co/storage/v1/object/public/recipe-images/
[2026-05-19 18:36:33] c9109e6f-e010-4e19-a322-fa6b36571b3a  Nutella Protein Balls  focal=(51%,48%)  -> https://oruplzhfmtehsjbnsoms.supabase.co/storage/v1/object/public/recipe-images/
[2026-05-19 18:37:23] bb035ffd-464d-41dc-9a21-d8aa8aad6ec7  Blueberry Chia Pudding  focal=(50%,37%)  -> https://oruplzhfmtehsjbnsoms.supabase.co/storage/v1/object/public/recipe-images/
[2026-05-19 18:37:52] d9a8a5f7-b537-48c2-9011-1ac8b7ad580c  Simple Red Lentil & Chickpea Bowl  focal=(40%,66%)  -> https://oruplzhfmtehsjbnsoms.supabase.co/storage/v1/object/public/recipe-images/
[2026-05-19 18:38:20] 07df8e05-6d68-4b24-8e80-3bcb2a0c830f  Crispy Cornflake & Peanut Coated Tofu  focal=(50%,47%)  -> https://oruplzhfmtehsjbnsoms.supabase.co/storage/v1/object/public/recipe-images/
[2026-05-19 18:38:38] b892de2a-0919-42f0-bb6b-605306e3d3e3  High Protein One Pot Carbonara  focal=(59%,53%)  -> https://oruplzhfmtehsjbnsoms.supabase.co/storage/v1/object/public/recipe-images/
[2026-05-19 18:39:08] 2be3ba5a-a103-4306-b99e-16665cac6c32  Yachaejeon (Korean Vegetable Pancakes)  focal=(46%,55%)  -> https://oruplzhfmtehsjbnsoms.supabase.co/storage/v1/object/public/recipe-images/
[2026-05-19 18:39:52] 41204efd-dced-4ad0-9aa1-1d19e3bf8445  Creamy Charred Corn Beans  focal=(44%,76%)  -> https://oruplzhfmtehsjbnsoms.supabase.co/storage/v1/object/public/recipe-images/
[2026-05-19 18:40:23] 9e8b9982-0f54-471a-8fc3-362f1c7707f4  Radischen Salat  focal=(58%,60%)  -> https://oruplzhfmtehsjbnsoms.supabase.co/storage/v1/object/public/recipe-images/
[2026-05-19 18:40:45] 2d7f778f-dbca-45a8-bf41-d2579ba4687f  Crispy Chili Peanut Udon One-Pot  focal=(59%,54%)  -> https://oruplzhfmtehsjbnsoms.supabase.co/storage/v1/object/public/recipe-images/
[2026-05-19 18:41:12] df4678ae-5931-47ff-a28c-2b892d73d8c6  Caramel Apple Sheet Cake  focal=(45%,50%)  -> https://oruplzhfmtehsjbnsoms.supabase.co/storage/v1/object/public/recipe-images/
[2026-05-19 18:42:01] 54374f0f-e5de-4468-a48b-e61474fd43b1  Gefüllte Süßkartoffel Mexican Style  focal=(49%,59%)  -> https://oruplzhfmtehsjbnsoms.supabase.co/storage/v1/object/public/recipe-images/
[2026-05-19 18:42:26] 80e6fd76-f19e-4520-8392-bfbb91913875  Sweet Potato and Halloumi Chopped Salad  focal=(40%,59%)  -> https://oruplzhfmtehsjbnsoms.supabase.co/storage/v1/object/public/recipe-images/
[2026-05-19 18:42:57] ff2dd3e8-7701-4c3d-8d9e-67a8b25dfc7f  Caramelised Onion Brown Butter Pasta  focal=(53%,46%)  -> https://oruplzhfmtehsjbnsoms.supabase.co/storage/v1/object/public/recipe-images/
[2026-05-19 18:43:15] 05c82841-59fa-4baa-b833-eb4ec4356002  Himbeer Schoko Bars  focal=(47%,53%)  -> https://oruplzhfmtehsjbnsoms.supabase.co/storage/v1/object/public/recipe-images/
[2026-05-19 18:43:48] 94b561c9-a25a-4df9-900d-ed136cab9bbe  Prep-able Breakfast Wraps  focal=(55%,51%)  -> https://oruplzhfmtehsjbnsoms.supabase.co/storage/v1/object/public/recipe-images/
[2026-05-19 18:44:10] 9b52d8fb-185e-49c9-a021-d8a52456fa6a  Thai Soup  focal=(48%,32%)  -> https://oruplzhfmtehsjbnsoms.supabase.co/storage/v1/object/public/recipe-images/
[2026-05-19 18:44:36] fe9579f5-5018-4878-a9d2-0bb93233f3ee  Vegane Raffaello  focal=(47%,25%)  -> https://oruplzhfmtehsjbnsoms.supabase.co/storage/v1/object/public/recipe-images/
[2026-05-19 18:45:11] 8580f873-a0c8-4221-ab3f-83f8a7f4d365  Chia Seeds  focal=(55%,55%)  -> https://oruplzhfmtehsjbnsoms.supabase.co/storage/v1/object/public/recipe-images/
[2026-05-19 18:46:11] cbcaa84d-e960-477b-9c02-5d3f52b9f25c  Ramin's Pistazien Cheesecake  focal=(51%,35%)  -> https://oruplzhfmtehsjbnsoms.supabase.co/storage/v1/object/public/recipe-images/
[2026-05-19 18:46:58] 2ae9e540-f186-4173-b15b-85a54c626537  Strawberry Shortcake Baked Oats with Cashew Protein Whip  focal=(56%,42%)  -> https://oruplzhfmtehsjbnsoms.supabase.co/storage/v1/object/public/recipe-images/
[2026-05-19 18:47:54] 31e47db2-071d-4465-92f7-3112cf7a39a3  Miso Onion Gravy  focal=(66%,44%)  -> https://oruplzhfmtehsjbnsoms.supabase.co/storage/v1/object/public/recipe-images/
[2026-05-19 18:48:23] 39456df9-478c-49fc-a472-1b0f0411ceb4  Karamell Mousse  focal=(49%,51%)  -> https://oruplzhfmtehsjbnsoms.supabase.co/storage/v1/object/public/recipe-images/
[2026-05-19 18:48:58] 900de7ad-a706-4096-914e-292000163fe1  Pink Pasta  focal=(46%,62%)  -> https://oruplzhfmtehsjbnsoms.supabase.co/storage/v1/object/public/recipe-images/
[2026-05-19 18:49:22] febc24c7-0f92-44de-827a-284fb2e5dff1  Tofu Döner with Fries  focal=(55%,72%)  -> https://oruplzhfmtehsjbnsoms.supabase.co/storage/v1/object/public/recipe-images/
[2026-05-19 18:50:05] 57dfc6e0-7d95-45f6-8b3e-3fd61b03eed3  Carrot Cake Meal Prep Baked Oats  focal=(52%,56%)  -> https://oruplzhfmtehsjbnsoms.supabase.co/storage/v1/object/public/recipe-images/
[2026-05-19 18:50:39] b9bc69c8-5027-4e31-95d1-bd039cb16957  Disco Cauli Wrap  focal=(51%,51%)  -> https://oruplzhfmtehsjbnsoms.supabase.co/storage/v1/object/public/recipe-images/
[2026-05-19 18:51:12] 63a3570c-8b33-4f55-93a0-6c97f6129ff0  Pink Strawberry Rolls  focal=(45%,53%)  -> https://oruplzhfmtehsjbnsoms.supabase.co/storage/v1/object/public/recipe-images/
[2026-05-19 18:51:48] 0ca2c253-4a29-46f2-8da5-b5facfe5b3e2  Double Chocolate Courgette Muffins  focal=(31%,43%)  -> https://oruplzhfmtehsjbnsoms.supabase.co/storage/v1/object/public/recipe-images/
[2026-05-19 18:52:36] 9db5fff1-6b53-4071-b094-873e8201444a  Pea & Mushroom Risotto  focal=(50%,49%)  -> https://oruplzhfmtehsjbnsoms.supabase.co/storage/v1/object/public/recipe-images/
[2026-05-19 18:53:24] f33d8b6a-41c8-46d3-9d4a-750ecb9351e7  Creamy Mushroom Leek Pasta  focal=(64%,44%)  -> https://oruplzhfmtehsjbnsoms.supabase.co/storage/v1/object/public/recipe-images/
[2026-05-19 18:54:10] 86f7155b-b1e6-4699-af4f-d2abba9a3930  Vegan Stuffed Shells  focal=(39%,32%)  -> https://oruplzhfmtehsjbnsoms.supabase.co/storage/v1/object/public/recipe-images/
[2026-05-19 18:54:49] be2d83d5-9b58-4ff9-8b67-338b46965992  Guacamole and Spicy Tortilla Chips  focal=(52%,48%)  -> https://oruplzhfmtehsjbnsoms.supabase.co/storage/v1/object/public/recipe-images/
[2026-05-19 18:55:11] 1141d960-b0c9-4bee-8e05-eaea6e4f3dd4  Red Pepper Pesto Crispy Tofu Sandwiches  focal=(42%,33%)  -> https://oruplzhfmtehsjbnsoms.supabase.co/storage/v1/object/public/recipe-images/
[2026-05-19 18:55:54] 95c6f009-7197-4db1-8264-6da8a74f8631  Mealprep Frühstück Pancakes mit Joghurt Dip  focal=(50%,35%)  -> https://oruplzhfmtehsjbnsoms.supabase.co/storage/v1/object/public/recipe-images/
[2026-05-19 18:56:36] f909e37c-66bf-46b2-8cc4-0736aaf0c4ba  One Pot Caramelised Leek Orzotto with Honey Mustard Sausages  focal=(52%,69%)  -> https://oruplzhfmtehsjbnsoms.supabase.co/storage/v1/object/public/recipe-images/
[2026-05-19 18:57:12] 4d9b3454-cd36-4c64-87cf-ef7cefd71b64  Ultimate Guacamole  focal=(47%,34%)  -> https://oruplzhfmtehsjbnsoms.supabase.co/storage/v1/object/public/recipe-images/
[2026-05-19 18:58:10] ecd8e40a-1e5c-4e5a-85d3-bd34470e5a95  Tortellini Soup  focal=(48%,27%)  -> https://oruplzhfmtehsjbnsoms.supabase.co/storage/v1/object/public/recipe-images/
[2026-05-19 18:58:52] 96276495-9bdb-40a8-8dfd-a8bf5ef6a779  Italian Meatless Meatballs  focal=(63%,41%)  -> https://oruplzhfmtehsjbnsoms.supabase.co/storage/v1/object/public/recipe-images/
[2026-05-19 18:59:21] 7fb5625e-b0bf-4748-ad37-eefe98457c56  Fermented Garlic Honey  focal=(50%,21%)  -> https://oruplzhfmtehsjbnsoms.supabase.co/storage/v1/object/public/recipe-images/
[2026-05-19 18:59:53] 35a80710-3697-4770-823a-6995e9ea6282  Meal Prep Baked Oats PB & J  focal=(43%,51%)  -> https://oruplzhfmtehsjbnsoms.supabase.co/storage/v1/object/public/recipe-images/
[2026-05-19 19:00:13] 015d5612-dca8-4d88-b346-7a0acac7613b  Champignons wie auf dem Jahrmarkt  focal=(48%,23%)  -> https://oruplzhfmtehsjbnsoms.supabase.co/storage/v1/object/public/recipe-images/
[2026-05-19 19:00:37] 961b1d95-a621-4c86-bfee-3edcfd4ee4ac  Ultimate Layered Summer Sandwich  focal=(45%,58%)  -> https://oruplzhfmtehsjbnsoms.supabase.co/storage/v1/object/public/recipe-images/
[2026-05-19 19:01:18] bb6f72a7-a241-4d0f-9295-07a1e4b296f7  Die beste vegane Fleisch Alternative  focal=(53%,32%)  -> https://oruplzhfmtehsjbnsoms.supabase.co/storage/v1/object/public/recipe-images/
[2026-05-19 19:01:39] c13fbfb2-64dc-4b4a-9be8-f1ed227d78b8  Smoky Chickpeas, Red Lentils and Vegetable Soup  focal=(50%,46%)  -> https://oruplzhfmtehsjbnsoms.supabase.co/storage/v1/object/public/recipe-images/
[2026-05-19 19:02:05] c41faf02-368d-4f09-9020-88b95890914b  Bang Bang Cauli Bowl with Tamari Roasted Chickpeas & Crispy   focal=(52%,20%)  -> https://oruplzhfmtehsjbnsoms.supabase.co/storage/v1/object/public/recipe-images/
[2026-05-19 19:02:25] d1cfe5a7-6bc3-4817-b1cc-d63f62ad1c30  Die Weltbeste Veggi Linsenlasagne  focal=(54%,39%)  -> https://oruplzhfmtehsjbnsoms.supabase.co/storage/v1/object/public/recipe-images/
[2026-05-19 19:02:50] fc8b1703-2115-4e07-86dd-38a0edffa27e  Vegan Butter Chicken  focal=(51%,57%)  -> https://oruplzhfmtehsjbnsoms.supabase.co/storage/v1/object/public/recipe-images/
[2026-05-19 19:03:12] 00775171-a63f-4f02-881b-f53243f4fce6  Strawberry Rolls  focal=(50%,47%)  -> https://oruplzhfmtehsjbnsoms.supabase.co/storage/v1/object/public/recipe-images/
[2026-05-19 19:03:45] 0ad8ad7b-e4f6-4850-a2bc-19a1f98ad35d  Butter Chickpea Curry  focal=(42%,53%)  -> https://oruplzhfmtehsjbnsoms.supabase.co/storage/v1/object/public/recipe-images/
[2026-05-19 19:04:18] 0e0e40b0-28f4-4dc7-8eb4-287d07f1fe67  Crispy Crunchy Smashed Potato Salad with Chickpeas and Yogur  focal=(49%,45%)  -> https://oruplzhfmtehsjbnsoms.supabase.co/storage/v1/object/public/recipe-images/
[2026-05-19 19:04:53] 13ea2f12-4071-4a65-8d13-46981822a410  Mangolassi (Inspired) Cheesecake  focal=(45%,62%)  -> https://oruplzhfmtehsjbnsoms.supabase.co/storage/v1/object/public/recipe-images/
[2026-05-19 19:05:41] 3ec3c63a-7355-4ca0-8561-895e910f00cc  Cinnamon Rolls with Biscoff Cream Filling  focal=(33%,48%)  -> https://oruplzhfmtehsjbnsoms.supabase.co/storage/v1/object/public/recipe-images/
[2026-05-19 19:06:56] 5c2b2cd1-672b-4f57-a036-ec11eee224fc  Thai Chop Salad  focal=(41%,32%)  -> https://oruplzhfmtehsjbnsoms.supabase.co/storage/v1/object/public/recipe-images/
[2026-05-19 19:07:51] 67e01359-1961-491b-a55d-6a37693683c4  Gyros Pommes mit Tzatziki  focal=(50%,35%)  -> https://oruplzhfmtehsjbnsoms.supabase.co/storage/v1/object/public/recipe-images/
[2026-05-19 19:09:26] 71b8b633-4f2a-4689-a72e-5038222b17d2  Quick Kids Meals: Tomato Sauce, Carrot Pizzas & Chocolate Ve  focal=(52%,47%)  -> https://oruplzhfmtehsjbnsoms.supabase.co/storage/v1/object/public/recipe-images/
[2026-05-19 19:10:05] 97b9179e-9bb6-43b5-8c02-3b8daafa5975  Protein-Packed Avocado Toast Three Ways  focal=(45%,52%)  -> https://oruplzhfmtehsjbnsoms.supabase.co/storage/v1/object/public/recipe-images/
[2026-05-19 19:10:47] b4837d8b-921a-4c3c-8332-6a872279dc0f  Crispy Chickpea Wrap with Creamy Tahini Dressing  focal=(57%,66%)  -> https://oruplzhfmtehsjbnsoms.supabase.co/storage/v1/object/public/recipe-images/
[2026-05-19 19:11:37] be49303e-7850-479d-80f5-ae0dc5ad65c2  Chili Crisp Tofu  focal=(55%,53%)  -> https://oruplzhfmtehsjbnsoms.supabase.co/storage/v1/object/public/recipe-images/
